SLN,name,SchoolYear,TotEvictions,EvicFilAmt,Year,rohh,moymPerGr1t3_24,moymPerGrkt5_24,moymPerGr1t3_23,moymPerGrkt5_23,moymGr1t3_24,moymGrkt5_24,moymGr1t3_23,moymGrkt5_23,moymPerGr1t3_22,moymPerGrkt5_22,moymGr1t3_22,moymGrkt5_22,evicRate,schoolType
101,John Adams Elementary,2017-2018,41,785.015609756098,2017,840.1173,0.0444444444444444,0.0571428571428571,0.0808080808080808,0.0700280112044818,8,20,16,25,0.0516431924882629,0.0501193317422434,11,21,48.8027088598223,Elementary School
101,John Adams Elementary,2018-2019,39,896.025641025641,2018,840.1173,0.0444444444444444,0.0571428571428571,0.0808080808080808,0.0700280112044818,8,20,16,25,0.0516431924882629,0.0501193317422434,11,21,46.4220889154407,Elementary School
101,John Adams Elementary,2019-2020,10,1215.5,2019,840.1173,0.0444444444444444,0.0571428571428571,0.0808080808080808,0.0700280112044818,8,20,16,25,0.0516431924882629,0.0501193317422434,11,21,11.9030997219079,Elementary School
101,John Adams Elementary,2020-2021,9,1705.03888888889,2020,840.1173,0.0444444444444444,0.0571428571428571,0.0808080808080808,0.0700280112044818,8,20,16,25,0.0516431924882629,0.0501193317422434,11,21,10.7127897497171,Elementary School
101,John Adams Elementary,2021-2022,18,2014.5,2021,840.1173,0.0444444444444444,0.0571428571428571,0.0808080808080808,0.0700280112044818,8,20,16,25,0.0516431924882629,0.0501193317422434,11,21,21.4255794994342,Elementary School
101,John Adams Elementary,2022-2023,21,2785.22368421053,2022,840.1173,0.0444444444444444,0.0571428571428571,0.0808080808080808,0.0700280112044818,8,20,16,25,0.0516431924882629,0.0501193317422434,11,21,24.9965094160066,Elementary School
101,John Adams Elementary,2023-2024,37,3180.79,2023,840.1173,0.0444444444444444,0.0571428571428571,0.0808080808080808,0.0700280112044818,8,20,16,25,0.0516431924882629,0.0501193317422434,11,21,44.0414689710592,Elementary School
101,John Adams Elementary,2024-2025,20,2209.09823529412,2024,840.1173,0.0444444444444444,0.0571428571428571,0.0808080808080808,0.0700280112044818,8,20,16,25,0.0516431924882629,0.0501193317422434,11,21,23.8061994438158,Elementary School
103,Allen Charter,2017-2018,11,909.090909090909,2017,206.4458,0.105960264900662,0.0884353741496599,0.0344827586206897,0.0687285223367698,16,26,5,20,0.10126582278481,0.0807017543859649,16,23,53.2827502424365,Elementary School
103,Allen Charter,2018-2019,13,345.769230769231,2018,206.4458,0.105960264900662,0.0884353741496599,0.0344827586206897,0.0687285223367698,16,26,5,20,0.10126582278481,0.0807017543859649,16,23,62.9705230137886,Elementary School
103,Allen Charter,2019-2020,10,2188.56,2019,206.4458,0.105960264900662,0.0884353741496599,0.0344827586206897,0.0687285223367698,16,26,5,20,0.10126582278481,0.0807017543859649,16,23,48.4388638567605,Elementary School
103,Allen Charter,2020-2021,24,557.142857142857,2020,206.4458,0.105960264900662,0.0884353741496599,0.0344827586206897,0.0687285223367698,16,26,5,20,0.10126582278481,0.0807017543859649,16,23,116.253273256225,Elementary School
103,Allen Charter,2021-2022,20,1102.125,2021,206.4458,0.105960264900662,0.0884353741496599,0.0344827586206897,0.0687285223367698,16,26,5,20,0.10126582278481,0.0807017543859649,16,23,96.8777277135209,Elementary School
103,Allen Charter,2022-2023,20,1461.4,2022,206.4458,0.105960264900662,0.0884353741496599,0.0344827586206897,0.0687285223367698,16,26,5,20,0.10126582278481,0.0807017543859649,16,23,96.8777277135209,Elementary School
103,Allen Charter,2023-2024,42,2127.78148148148,2023,206.4458,0.105960264900662,0.0884353741496599,0.0344827586206897,0.0687285223367698,16,26,5,20,0.10126582278481,0.0807017543859649,16,23,203.443228198394,Elementary School
103,Allen Charter,2024-2025,20,2479.75642857143,2024,206.4458,0.105960264900662,0.0884353741496599,0.0344827586206897,0.0687285223367698,16,26,5,20,0.10126582278481,0.0807017543859649,16,23,96.8777277135209,Elementary School
104,Anderson Elementary,2017-2018,32,811.115,2017,355.4354,0.0602409638554217,0.0870445344129555,0.0368852459016393,0.0472103004291846,15,43,9,22,0.0289256198347107,0.036117381489842,7,16,90.0304246566324,Elementary School
104,Anderson Elementary,2018-2019,32,806.7540625,2018,355.4354,0.0602409638554217,0.0870445344129555,0.0368852459016393,0.0472103004291846,15,43,9,22,0.0289256198347107,0.036117381489842,7,16,90.0304246566324,Elementary School
104,Anderson Elementary,2019-2020,19,752.336842105263,2019,355.4354,0.0602409638554217,0.0870445344129555,0.0368852459016393,0.0472103004291846,15,43,9,22,0.0289256198347107,0.036117381489842,7,16,53.4555646398755,Elementary School
104,Anderson Elementary,2020-2021,14,2144.367,2020,355.4354,0.0602409638554217,0.0870445344129555,0.0368852459016393,0.0472103004291846,15,43,9,22,0.0289256198347107,0.036117381489842,7,16,39.3883107872767,Elementary School
104,Anderson Elementary,2021-2022,27,1262.4537037037,2021,355.4354,0.0602409638554217,0.0870445344129555,0.0368852459016393,0.0472103004291846,15,43,9,22,0.0289256198347107,0.036117381489842,7,16,75.9631708040336,Elementary School
104,Anderson Elementary,2022-2023,19,3196.79823529412,2022,355.4354,0.0602409638554217,0.0870445344129555,0.0368852459016393,0.0472103004291846,15,43,9,22,0.0289256198347107,0.036117381489842,7,16,53.4555646398755,Elementary School
104,Anderson Elementary,2023-2024,21,2505.70944444445,2023,355.4354,0.0602409638554217,0.0870445344129555,0.0368852459016393,0.0472103004291846,15,43,9,22,0.0289256198347107,0.036117381489842,7,16,59.082466180915,Elementary School
104,Anderson Elementary,2024-2025,38,4497.81033333333,2024,355.4354,0.0602409638554217,0.0870445344129555,0.0368852459016393,0.0472103004291846,15,43,9,22,0.0289256198347107,0.036117381489842,7,16,106.911129279751,Elementary School
105,Arcadia Park Elementary,2017-2018,15,1106.8,2017,986.8369,0.0922330097087379,0.0805687203791469,0.08,0.0798226164079823,19,34,18,36,0.0845070422535211,0.0591016548463357,18,25,15.2000801753562,Elementary School
105,Arcadia Park Elementary,2018-2019,24,1272.54166666667,2018,986.8369,0.0922330097087379,0.0805687203791469,0.08,0.0798226164079823,19,34,18,36,0.0845070422535211,0.0591016548463357,18,25,24.32012828057,Elementary School
105,Arcadia Park Elementary,2019-2020,40,1080.7135,2019,986.8369,0.0922330097087379,0.0805687203791469,0.08,0.0798226164079823,19,34,18,36,0.0845070422535211,0.0591016548463357,18,25,40.5335471342833,Elementary School
105,Arcadia Park Elementary,2020-2021,37,2044.54076923077,2020,986.8369,0.0922330097087379,0.0805687203791469,0.08,0.0798226164079823,19,34,18,36,0.0845070422535211,0.0591016548463357,18,25,37.493531099212,Elementary School
105,Arcadia Park Elementary,2021-2022,42,3350.38285714286,2021,986.8369,0.0922330097087379,0.0805687203791469,0.08,0.0798226164079823,19,34,18,36,0.0845070422535211,0.0591016548463357,18,25,42.5602244909974,Elementary School
105,Arcadia Park Elementary,2022-2023,53,4412.09156862745,2022,986.8369,0.0922330097087379,0.0805687203791469,0.08,0.0798226164079823,19,34,18,36,0.0845070422535211,0.0591016548463357,18,25,53.7069499529254,Elementary School
105,Arcadia Park Elementary,2023-2024,41,3882.62821428571,2023,986.8369,0.0922330097087379,0.0805687203791469,0.08,0.0798226164079823,19,34,18,36,0.0845070422535211,0.0591016548463357,18,25,41.5468858126404,Elementary School
105,Arcadia Park Elementary,2024-2025,93,2997.12,2024,986.8369,0.0922330097087379,0.0805687203791469,0.08,0.0798226164079823,19,34,18,36,0.0845070422535211,0.0591016548463357,18,25,94.2404970872086,Elementary School
107,May Elementary,2017-2018,289,777.882456747405,2017,5906.7003,0.131868131868132,0.115241635687732,0.120805369127517,0.125454545454545,36,62,36,69,0.149659863945578,0.123655913978495,44,69,48.9274866375056,Elementary School
107,May Elementary,2018-2019,268,792.903134328358,2018,5906.7003,0.131868131868132,0.115241635687732,0.120805369127517,0.125454545454545,36,62,36,69,0.149659863945578,0.123655913978495,44,69,45.3722021413546,Elementary School
107,May Elementary,2019-2020,244,1038.16586065574,2019,5906.7003,0.131868131868132,0.115241635687732,0.120805369127517,0.125454545454545,36,62,36,69,0.149659863945578,0.123655913978495,44,69,41.3090198600393,Elementary School
107,May Elementary,2020-2021,75,2154.53646153846,2020,5906.7003,0.131868131868132,0.115241635687732,0.120805369127517,0.125454545454545,36,62,36,69,0.149659863945578,0.123655913978495,44,69,12.6974446291104,Elementary School
107,May Elementary,2021-2022,127,2066.26507936508,2021,5906.7003,0.131868131868132,0.115241635687732,0.120805369127517,0.125454545454545,36,62,36,69,0.149659863945578,0.123655913978495,44,69,21.501006238627,Elementary School
107,May Elementary,2022-2023,141,3378.7209375,2022,5906.7003,0.131868131868132,0.115241635687732,0.120805369127517,0.125454545454545,36,62,36,69,0.149659863945578,0.123655913978495,44,69,23.8711959027276,Elementary School
107,May Elementary,2023-2024,127,2769.73346534653,2023,5906.7003,0.131868131868132,0.115241635687732,0.120805369127517,0.125454545454545,36,62,36,69,0.149659863945578,0.123655913978495,44,69,21.501006238627,Elementary School
107,May Elementary,2024-2025,109,2521.61449438202,2024,5906.7003,0.131868131868132,0.115241635687732,0.120805369127517,0.125454545454545,36,62,36,69,0.149659863945578,0.123655913978495,44,69,18.4536195276405,Elementary School
108,Bayles Elementary,2017-2018,75,696.6668,2017,1437.173,0.120689655172414,0.113496932515337,0.119760479041916,0.071875,21,37,20,23,0.111111111111111,0.117647058823529,19,40,52.1857841749045,Elementary School
108,Bayles Elementary,2018-2019,129,722.548604651163,2018,1437.173,0.120689655172414,0.113496932515337,0.119760479041916,0.071875,21,37,20,23,0.111111111111111,0.117647058823529,19,40,89.7595487808357,Elementary School
108,Bayles Elementary,2019-2020,118,1302.91737288136,2019,1437.173,0.120689655172414,0.113496932515337,0.119760479041916,0.071875,21,37,20,23,0.111111111111111,0.117647058823529,19,40,82.1056337685164,Elementary School
108,Bayles Elementary,2020-2021,83,1743.69894736842,2020,1437.173,0.120689655172414,0.113496932515337,0.119760479041916,0.071875,21,37,20,23,0.111111111111111,0.117647058823529,19,40,57.7522678202276,Elementary School
108,Bayles Elementary,2021-2022,121,2183.01275862069,2021,1437.173,0.120689655172414,0.113496932515337,0.119760479041916,0.071875,21,37,20,23,0.111111111111111,0.117647058823529,19,40,84.1930651355126,Elementary School
108,Bayles Elementary,2022-2023,122,2702.5027826087,2022,1437.173,0.120689655172414,0.113496932515337,0.119760479041916,0.071875,21,37,20,23,0.111111111111111,0.117647058823529,19,40,84.888875591178,Elementary School
108,Bayles Elementary,2023-2024,78,3098.14223880597,2023,1437.173,0.120689655172414,0.113496932515337,0.119760479041916,0.071875,21,37,20,23,0.111111111111111,0.117647058823529,19,40,54.2732155419007,Elementary School
108,Bayles Elementary,2024-2025,95,3134.65820895522,2024,1437.173,0.120689655172414,0.113496932515337,0.119760479041916,0.071875,21,37,20,23,0.111111111111111,0.117647058823529,19,40,66.1019932882124,Elementary School
109,Blair Elementary,2017-2018,71,1705.08549295775,2017,618.3951,0.104575163398693,0.090032154340836,0.103030303030303,0.104651162790698,16,28,17,36,0.0591715976331361,0.0682492581602374,10,23,114.813328889572,Elementary School
109,Blair Elementary,2018-2019,39,2172.31358974359,2018,618.3951,0.104575163398693,0.090032154340836,0.103030303030303,0.104651162790698,16,28,17,36,0.0591715976331361,0.0682492581602374,10,23,63.0664764323003,Elementary School
109,Blair Elementary,2019-2020,40,1420.65,2019,618.3951,0.104575163398693,0.090032154340836,0.103030303030303,0.104651162790698,16,28,17,36,0.0591715976331361,0.0682492581602374,10,23,64.6835655715901,Elementary School
109,Blair Elementary,2020-2021,6,2304.62,2020,618.3951,0.104575163398693,0.090032154340836,0.103030303030303,0.104651162790698,16,28,17,36,0.0591715976331361,0.0682492581602374,10,23,9.70253483573851,Elementary School
109,Blair Elementary,2021-2022,26,3055.98230769231,2021,618.3951,0.104575163398693,0.090032154340836,0.103030303030303,0.104651162790698,16,28,17,36,0.0591715976331361,0.0682492581602374,10,23,42.0443176215336,Elementary School
109,Blair Elementary,2022-2023,35,4419.35821428571,2022,618.3951,0.104575163398693,0.090032154340836,0.103030303030303,0.104651162790698,16,28,17,36,0.0591715976331361,0.0682492581602374,10,23,56.5981198751413,Elementary School
109,Blair Elementary,2023-2024,20,3037.23705882353,2023,618.3951,0.104575163398693,0.090032154340836,0.103030303030303,0.104651162790698,16,28,17,36,0.0591715976331361,0.0682492581602374,10,23,32.341782785795,Elementary School
109,Blair Elementary,2024-2025,18,3996.25538461538,2024,618.3951,0.104575163398693,0.090032154340836,0.103030303030303,0.104651162790698,16,28,17,36,0.0591715976331361,0.0682492581602374,10,23,29.1076045072155,Elementary School
110,Blanton Elementary,2017-2018,72,1421.03361111111,2017,1772.4279,0.0782312925170068,0.0666666666666667,0.054945054945055,0.0499040307101727,23,38,15,26,0.0411985018726592,0.0532319391634981,11,28,40.6222447750907,Elementary School
110,Blanton Elementary,2018-2019,67,1149.24597014925,2018,1772.4279,0.0782312925170068,0.0666666666666667,0.054945054945055,0.0499040307101727,23,38,15,26,0.0411985018726592,0.0532319391634981,11,28,37.8012555545983,Elementary School
110,Blanton Elementary,2019-2020,44,1540.47363636364,2019,1772.4279,0.0782312925170068,0.0666666666666667,0.054945054945055,0.0499040307101727,23,38,15,26,0.0411985018726592,0.0532319391634981,11,28,24.8247051403332,Elementary School
110,Blanton Elementary,2020-2021,30,2282.00296296296,2020,1772.4279,0.0782312925170068,0.0666666666666667,0.054945054945055,0.0499040307101727,23,38,15,26,0.0411985018726592,0.0532319391634981,11,28,16.9259353229545,Elementary School
110,Blanton Elementary,2021-2022,47,1979.88127659574,2021,1772.4279,0.0782312925170068,0.0666666666666667,0.054945054945055,0.0499040307101727,23,38,15,26,0.0411985018726592,0.0532319391634981,11,28,26.5172986726287,Elementary School
110,Blanton Elementary,2022-2023,38,4330.3452,2022,1772.4279,0.0782312925170068,0.0666666666666667,0.054945054945055,0.0499040307101727,23,38,15,26,0.0411985018726592,0.0532319391634981,11,28,21.4395180757423,Elementary School
110,Blanton Elementary,2023-2024,67,4716.17204545455,2023,1772.4279,0.0782312925170068,0.0666666666666667,0.054945054945055,0.0499040307101727,23,38,15,26,0.0411985018726592,0.0532319391634981,11,28,37.8012555545983,Elementary School
110,Blanton Elementary,2024-2025,41,4391.45514285714,2024,1772.4279,0.0782312925170068,0.0666666666666667,0.054945054945055,0.0499040307101727,23,38,15,26,0.0411985018726592,0.0532319391634981,11,28,23.1321116080378,Elementary School
112,Bowie Elementary,2017-2018,109,933.932385321101,2017,1076.6944,0.135483870967742,0.118320610687023,0.101351351351351,0.108208955223881,21,31,15,29,0.0839160839160839,0.0886524822695036,12,25,101.235782409568,Elementary School
112,Bowie Elementary,2018-2019,115,1161.57217391304,2018,1076.6944,0.135483870967742,0.118320610687023,0.101351351351351,0.108208955223881,21,31,15,29,0.0839160839160839,0.0886524822695036,12,25,106.808394285324,Elementary School
112,Bowie Elementary,2019-2020,101,945.210099009901,2019,1076.6944,0.135483870967742,0.118320610687023,0.101351351351351,0.108208955223881,21,31,15,29,0.0839160839160839,0.0886524822695036,12,25,93.805633241893,Elementary School
112,Bowie Elementary,2020-2021,55,2600.71790697674,2020,1076.6944,0.135483870967742,0.118320610687023,0.101351351351351,0.108208955223881,21,31,15,29,0.0839160839160839,0.0886524822695036,12,25,51.0822755277635,Elementary School
112,Bowie Elementary,2021-2022,90,3120.6308045977,2021,1076.6944,0.135483870967742,0.118320610687023,0.101351351351351,0.108208955223881,21,31,15,29,0.0839160839160839,0.0886524822695036,12,25,83.5891781363403,Elementary School
112,Bowie Elementary,2022-2023,89,3737.92230769231,2022,1076.6944,0.135483870967742,0.118320610687023,0.101351351351351,0.108208955223881,21,31,15,29,0.0839160839160839,0.0886524822695036,12,25,82.6604094903809,Elementary School
112,Bowie Elementary,2023-2024,138,2546.42869918699,2023,1076.6944,0.135483870967742,0.118320610687023,0.101351351351351,0.108208955223881,21,31,15,29,0.0839160839160839,0.0886524822695036,12,25,128.170073142388,Elementary School
112,Bowie Elementary,2024-2025,124,2336.29432098765,2024,1076.6944,0.135483870967742,0.118320610687023,0.101351351351351,0.108208955223881,21,31,15,29,0.0839160839160839,0.0886524822695036,12,25,115.167312098958,Elementary School
114,Bryan Elementary,2017-2018,61,1280.7868852459,2017,748.2802,0.11,0.113636363636364,0.144385026737968,0.142011834319527,22,40,27,48,0.0813953488372093,0.0914826498422713,14,29,81.5202647350551,Elementary School
114,Bryan Elementary,2018-2019,56,1253.66071428571,2018,748.2802,0.11,0.113636363636364,0.144385026737968,0.142011834319527,22,40,27,48,0.0813953488372093,0.0914826498422713,14,29,74.8382758223457,Elementary School
114,Bryan Elementary,2019-2020,38,1814.57894736842,2019,748.2802,0.11,0.113636363636364,0.144385026737968,0.142011834319527,22,40,27,48,0.0813953488372093,0.0914826498422713,14,29,50.7831157365917,Elementary School
114,Bryan Elementary,2020-2021,47,1639.84536585366,2020,748.2802,0.11,0.113636363636364,0.144385026737968,0.142011834319527,22,40,27,48,0.0813953488372093,0.0914826498422713,14,29,62.8106957794687,Elementary School
114,Bryan Elementary,2021-2022,56,1993.10982142857,2021,748.2802,0.11,0.113636363636364,0.144385026737968,0.142011834319527,22,40,27,48,0.0813953488372093,0.0914826498422713,14,29,74.8382758223457,Elementary School
114,Bryan Elementary,2022-2023,47,2895.50825,2022,748.2802,0.11,0.113636363636364,0.144385026737968,0.142011834319527,22,40,27,48,0.0813953488372093,0.0914826498422713,14,29,62.8106957794687,Elementary School
114,Bryan Elementary,2023-2024,45,3330.49375,2023,748.2802,0.11,0.113636363636364,0.144385026737968,0.142011834319527,22,40,27,48,0.0813953488372093,0.0914826498422713,14,29,60.1379002143849,Elementary School
114,Bryan Elementary,2024-2025,49,3776.83527777778,2024,748.2802,0.11,0.113636363636364,0.144385026737968,0.142011834319527,22,40,27,48,0.0813953488372093,0.0914826498422713,14,29,65.4834913445525,Elementary School
115,Budd Elementary,2017-2018,63,984.750634920635,2017,345.7835,0.170588235294118,0.151098901098901,0.0654761904761905,0.0729483282674772,29,55,11,24,0.0864864864864865,0.0718562874251497,16,24,182.194928329432,Elementary School
115,Budd Elementary,2018-2019,70,1014.13128571429,2018,345.7835,0.170588235294118,0.151098901098901,0.0654761904761905,0.0729483282674772,29,55,11,24,0.0864864864864865,0.0718562874251497,16,24,202.438809254924,Elementary School
115,Budd Elementary,2019-2020,73,941.984794520548,2019,345.7835,0.170588235294118,0.151098901098901,0.0654761904761905,0.0729483282674772,29,55,11,24,0.0864864864864865,0.0718562874251497,16,24,211.114758222992,Elementary School
115,Budd Elementary,2020-2021,28,1982.76923076923,2020,345.7835,0.170588235294118,0.151098901098901,0.0654761904761905,0.0729483282674772,29,55,11,24,0.0864864864864865,0.0718562874251497,16,24,80.9755237019696,Elementary School
115,Budd Elementary,2021-2022,31,2838.06387096774,2021,345.7835,0.170588235294118,0.151098901098901,0.0654761904761905,0.0729483282674772,29,55,11,24,0.0864864864864865,0.0718562874251497,16,24,89.6514726700378,Elementary School
115,Budd Elementary,2022-2023,19,3024.15117647059,2022,345.7835,0.170588235294118,0.151098901098901,0.0654761904761905,0.0729483282674772,29,55,11,24,0.0864864864864865,0.0718562874251497,16,24,54.9476767977651,Elementary School
115,Budd Elementary,2023-2024,31,4851.4424,2023,345.7835,0.170588235294118,0.151098901098901,0.0654761904761905,0.0729483282674772,29,55,11,24,0.0864864864864865,0.0718562874251497,16,24,89.6514726700378,Elementary School
115,Budd Elementary,2024-2025,21,3326.72125,2024,345.7835,0.170588235294118,0.151098901098901,0.0654761904761905,0.0729483282674772,29,55,11,24,0.0864864864864865,0.0718562874251497,16,24,60.7316427764772,Elementary School
116,Burnet Elementary,2017-2018,22,1480.745,2017,588.6296,0.0829875518672199,0.0765957446808511,0.0560344827586207,0.0681318681318681,20,36,13,31,0.114035087719298,0.102844638949672,26,47,37.3749468256438,Elementary School
116,Burnet Elementary,2018-2019,40,1109.77825,2018,588.6296,0.0829875518672199,0.0765957446808511,0.0560344827586207,0.0681318681318681,20,36,13,31,0.114035087719298,0.102844638949672,26,47,67.9544487738979,Elementary School
116,Burnet Elementary,2019-2020,73,972.751095890411,2019,588.6296,0.0829875518672199,0.0765957446808511,0.0560344827586207,0.0681318681318681,20,36,13,31,0.114035087719298,0.102844638949672,26,47,124.016869012364,Elementary School
116,Burnet Elementary,2020-2021,32,2245.19925925926,2020,588.6296,0.0829875518672199,0.0765957446808511,0.0560344827586207,0.0681318681318681,20,36,13,31,0.114035087719298,0.102844638949672,26,47,54.3635590191183,Elementary School
116,Burnet Elementary,2021-2022,45,2179.022,2021,588.6296,0.0829875518672199,0.0765957446808511,0.0560344827586207,0.0681318681318681,20,36,13,31,0.114035087719298,0.102844638949672,26,47,76.4487548706351,Elementary School
116,Burnet Elementary,2022-2023,21,4807.093,2022,588.6296,0.0829875518672199,0.0765957446808511,0.0560344827586207,0.0681318681318681,20,36,13,31,0.114035087719298,0.102844638949672,26,47,35.6760856062964,Elementary School
116,Burnet Elementary,2023-2024,32,1592.43222222222,2023,588.6296,0.0829875518672199,0.0765957446808511,0.0560344827586207,0.0681318681318681,20,36,13,31,0.114035087719298,0.102844638949672,26,47,54.3635590191183,Elementary School
116,Burnet Elementary,2024-2025,44,2667.035,2024,588.6296,0.0829875518672199,0.0765957446808511,0.0560344827586207,0.0681318681318681,20,36,13,31,0.114035087719298,0.102844638949672,26,47,74.7498936512877,Elementary School
117,Burleson Elementary,2017-2018,86,1169.63953488372,2017,946.8813,0.15929203539823,0.156908665105386,0.108695652173913,0.145021645021645,36,67,25,67,0.107296137339056,0.0946236559139785,25,44,90.8244782107324,Elementary School
117,Burleson Elementary,2018-2019,83,1166.63855421687,2018,946.8813,0.15929203539823,0.156908665105386,0.108695652173913,0.145021645021645,36,67,25,67,0.107296137339056,0.0946236559139785,25,44,87.6561824591953,Elementary School
117,Burleson Elementary,2019-2020,53,1473.75471698113,2019,946.8813,0.15929203539823,0.156908665105386,0.108695652173913,0.145021645021645,36,67,25,67,0.107296137339056,0.0946236559139785,25,44,55.9732249438235,Elementary School
117,Burleson Elementary,2020-2021,77,2172.37446153846,2020,946.8813,0.15929203539823,0.156908665105386,0.108695652173913,0.145021645021645,36,67,25,67,0.107296137339056,0.0946236559139785,25,44,81.3195909561209,Elementary School
117,Burleson Elementary,2021-2022,77,2807.2051948052,2021,946.8813,0.15929203539823,0.156908665105386,0.108695652173913,0.145021645021645,36,67,25,67,0.107296137339056,0.0946236559139785,25,44,81.3195909561209,Elementary School
117,Burleson Elementary,2022-2023,92,4388.727125,2022,946.8813,0.15929203539823,0.156908665105386,0.108695652173913,0.145021645021645,36,67,25,67,0.107296137339056,0.0946236559139785,25,44,97.1610697138068,Elementary School
117,Burleson Elementary,2023-2024,102,3953.73722891566,2023,946.8813,0.15929203539823,0.156908665105386,0.108695652173913,0.145021645021645,36,67,25,67,0.107296137339056,0.0946236559139785,25,44,107.722055552264,Elementary School
117,Burleson Elementary,2024-2025,87,2990.93815384615,2024,946.8813,0.15929203539823,0.156908665105386,0.108695652173913,0.145021645021645,36,67,25,67,0.107296137339056,0.0946236559139785,25,44,91.8805767945782,Elementary School
118,Black STEAM Academy,2017-2018,405,1334.0510617284,2017,2560.7006,0.229381443298969,0.222070844686649,,,89,163,,,,,,,158.159841099737,Elementary School
118,Black STEAM Academy,2018-2019,389,1185.88915167095,2018,2560.7006,0.229381443298969,0.222070844686649,,,89,163,,,,,,,151.911551080982,Elementary School
118,Black STEAM Academy,2019-2020,320,1504.25021875,2019,2560.7006,0.229381443298969,0.222070844686649,,,89,163,,,,,,,124.9658003751,Elementary School
118,Black STEAM Academy,2020-2021,277,2137.82306451613,2020,2560.7006,0.229381443298969,0.222070844686649,,,89,163,,,,,,,108.173520949696,Elementary School
118,Black STEAM Academy,2021-2022,342,1815.54837758112,2021,2560.7006,0.229381443298969,0.222070844686649,,,89,163,,,,,,,133.557199150889,Elementary School
118,Black STEAM Academy,2022-2023,485,2992.93432304038,2022,2560.7006,0.229381443298969,0.222070844686649,,,89,163,,,,,,,189.401291193512,Elementary School
118,Black STEAM Academy,2023-2024,393,2591.26097765363,2023,2560.7006,0.229381443298969,0.222070844686649,,,89,163,,,,,,,153.47362358567,Elementary School
118,Black STEAM Academy,2024-2025,431,3251.13447887324,2024,2560.7006,0.229381443298969,0.222070844686649,,,89,163,,,,,,,168.313312380213,Elementary School
119,Chapel Hill Elementary,2017-2018,22,604.613636363636,2017,880.7299,0.0743243243243243,0.0598006644518272,0.0933333333333333,0.0952380952380952,11,18,14,28,0.101694915254237,0.101538461538462,18,33,24.9792813892205,Elementary School
119,Chapel Hill Elementary,2018-2019,22,1997.75090909091,2018,880.7299,0.0743243243243243,0.0598006644518272,0.0933333333333333,0.0952380952380952,11,18,14,28,0.101694915254237,0.101538461538462,18,33,24.9792813892205,Elementary School
119,Chapel Hill Elementary,2019-2020,20,4751.074,2019,880.7299,0.0743243243243243,0.0598006644518272,0.0933333333333333,0.0952380952380952,11,18,14,28,0.101694915254237,0.101538461538462,18,33,22.7084376265641,Elementary School
119,Chapel Hill Elementary,2020-2021,9,3792.28111111111,2020,880.7299,0.0743243243243243,0.0598006644518272,0.0933333333333333,0.0952380952380952,11,18,14,28,0.101694915254237,0.101538461538462,18,33,10.2187969319538,Elementary School
119,Chapel Hill Elementary,2021-2022,25,2146.2432,2021,880.7299,0.0743243243243243,0.0598006644518272,0.0933333333333333,0.0952380952380952,11,18,14,28,0.101694915254237,0.101538461538462,18,33,28.3855470332051,Elementary School
119,Chapel Hill Elementary,2022-2023,72,3266.93235294118,2022,880.7299,0.0743243243243243,0.0598006644518272,0.0933333333333333,0.0952380952380952,11,18,14,28,0.101694915254237,0.101538461538462,18,33,81.7503754556306,Elementary School
119,Chapel Hill Elementary,2023-2024,43,3676.472,2023,880.7299,0.0743243243243243,0.0598006644518272,0.0933333333333333,0.0952380952380952,11,18,14,28,0.101694915254237,0.101538461538462,18,33,48.8231408971127,Elementary School
119,Chapel Hill Elementary,2024-2025,58,3081.40218181818,2024,880.7299,0.0743243243243243,0.0598006644518272,0.0933333333333333,0.0952380952380952,11,18,14,28,0.101694915254237,0.101538461538462,18,33,65.8544691170358,Elementary School
120,Caillet Elementary,2017-2018,48,980.719375,2017,981.3448,0.0829694323144105,0.0648769574944072,0.0294117647058824,0.0286343612334802,19,29,7,13,0.0503875968992248,0.0506072874493927,13,25,48.9124719466593,Elementary School
120,Caillet Elementary,2018-2019,35,1144.88314285714,2018,981.3448,0.0829694323144105,0.0648769574944072,0.0294117647058824,0.0286343612334802,19,29,7,13,0.0503875968992248,0.0506072874493927,13,25,35.6653441277724,Elementary School
120,Caillet Elementary,2019-2020,18,1117.79777777778,2019,981.3448,0.0829694323144105,0.0648769574944072,0.0294117647058824,0.0286343612334802,19,29,7,13,0.0503875968992248,0.0506072874493927,13,25,18.3421769799972,Elementary School
120,Caillet Elementary,2020-2021,9,3004.72714285714,2020,981.3448,0.0829694323144105,0.0648769574944072,0.0294117647058824,0.0286343612334802,19,29,7,13,0.0503875968992248,0.0506072874493927,13,25,9.17108848999862,Elementary School
120,Caillet Elementary,2021-2022,14,2837.18,2021,981.3448,0.0829694323144105,0.0648769574944072,0.0294117647058824,0.0286343612334802,19,29,7,13,0.0503875968992248,0.0506072874493927,13,25,14.266137651109,Elementary School
120,Caillet Elementary,2022-2023,23,3951.86705882353,2022,981.3448,0.0829694323144105,0.0648769574944072,0.0294117647058824,0.0286343612334802,19,29,7,13,0.0503875968992248,0.0506072874493927,13,25,23.4372261411076,Elementary School
120,Caillet Elementary,2023-2024,27,3124.12285714286,2023,981.3448,0.0829694323144105,0.0648769574944072,0.0294117647058824,0.0286343612334802,19,29,7,13,0.0503875968992248,0.0506072874493927,13,25,27.5132654699959,Elementary School
120,Caillet Elementary,2024-2025,11,2442.28222222222,2024,981.3448,0.0829694323144105,0.0648769574944072,0.0294117647058824,0.0286343612334802,19,29,7,13,0.0503875968992248,0.0506072874493927,13,25,11.2091081544428,Elementary School
121,Carpenter Elementary,2017-2018,238,1401.1268487395,2017,1056.2204,0.263157894736842,0.202380952380952,0.197530864197531,0.175675675675676,25,34,16,26,0.306818181818182,0.30625,27,49,225.331758409514,Elementary School
121,Carpenter Elementary,2018-2019,286,1288.42020979021,2018,1056.2204,0.263157894736842,0.202380952380952,0.197530864197531,0.175675675675676,25,34,16,26,0.306818181818182,0.30625,27,49,270.77681892908,Elementary School
121,Carpenter Elementary,2019-2020,181,1322.17226519337,2019,1056.2204,0.263157894736842,0.202380952380952,0.197530864197531,0.175675675675676,25,34,16,26,0.306818181818182,0.30625,27,49,171.365749042529,Elementary School
121,Carpenter Elementary,2020-2021,188,2486.41777173913,2020,1056.2204,0.263157894736842,0.202380952380952,0.197530864197531,0.175675675675676,25,34,16,26,0.306818181818182,0.30625,27,49,177.993153701633,Elementary School
121,Carpenter Elementary,2021-2022,208,2282.92985507246,2021,1056.2204,0.263157894736842,0.202380952380952,0.197530864197531,0.175675675675676,25,34,16,26,0.306818181818182,0.30625,27,49,196.928595584785,Elementary School
121,Carpenter Elementary,2022-2023,197,3254.48043715847,2022,1056.2204,0.263157894736842,0.202380952380952,0.197530864197531,0.175675675675676,25,34,16,26,0.306818181818182,0.30625,27,49,186.514102549051,Elementary School
121,Carpenter Elementary,2023-2024,180,3377.20917721519,2023,1056.2204,0.263157894736842,0.202380952380952,0.197530864197531,0.175675675675676,25,34,16,26,0.306818181818182,0.30625,27,49,170.418976948372,Elementary School
121,Carpenter Elementary,2024-2025,148,3331.73238461538,2024,1056.2204,0.263157894736842,0.202380952380952,0.197530864197531,0.175675675675676,25,34,16,26,0.306818181818182,0.30625,27,49,140.122269935328,Elementary School
122,Carr Elementary,2017-2018,39,1546.18230769231,2017,802.8842,0.0396039603960396,0.0531914893617021,0.1,0.0703517587939699,4,10,10,14,0.157894736842105,0.133640552995392,18,29,48.5748754303547,Elementary School
122,Carr Elementary,2018-2019,40,1248.15925,2018,802.8842,0.0396039603960396,0.0531914893617021,0.1,0.0703517587939699,4,10,10,14,0.157894736842105,0.133640552995392,18,29,49.8203850567741,Elementary School
122,Carr Elementary,2019-2020,21,1363.00476190476,2019,802.8842,0.0396039603960396,0.0531914893617021,0.1,0.0703517587939699,4,10,10,14,0.157894736842105,0.133640552995392,18,29,26.1557021548064,Elementary School
122,Carr Elementary,2020-2021,16,543.666666666667,2020,802.8842,0.0396039603960396,0.0531914893617021,0.1,0.0703517587939699,4,10,10,14,0.157894736842105,0.133640552995392,18,29,19.9281540227096,Elementary School
122,Carr Elementary,2021-2022,18,625.555555555556,2021,802.8842,0.0396039603960396,0.0531914893617021,0.1,0.0703517587939699,4,10,10,14,0.157894736842105,0.133640552995392,18,29,22.4191732755483,Elementary School
122,Carr Elementary,2022-2023,13,3881.42857142857,2022,802.8842,0.0396039603960396,0.0531914893617021,0.1,0.0703517587939699,4,10,10,14,0.157894736842105,0.133640552995392,18,29,16.1916251434516,Elementary School
122,Carr Elementary,2023-2024,24,3800.18058823529,2023,802.8842,0.0396039603960396,0.0531914893617021,0.1,0.0703517587939699,4,10,10,14,0.157894736842105,0.133640552995392,18,29,29.8922310340644,Elementary School
122,Carr Elementary,2024-2025,32,2875.72565217391,2024,802.8842,0.0396039603960396,0.0531914893617021,0.1,0.0703517587939699,4,10,10,14,0.157894736842105,0.133640552995392,18,29,39.8563080454193,Elementary School
125,Casa View Elementary,2017-2018,27,1195.11111111111,2017,953.7118,0.0669642857142857,0.0777777777777778,0.0617283950617284,0.0675944333996024,15,35,15,34,0.100358422939068,0.0914179104477612,28,49,28.3104392752611,Elementary School
125,Casa View Elementary,2018-2019,22,1227.88181818182,2018,953.7118,0.0669642857142857,0.0777777777777778,0.0617283950617284,0.0675944333996024,15,35,15,34,0.100358422939068,0.0914179104477612,28,49,23.067765335398,Elementary School
125,Casa View Elementary,2019-2020,12,1690.37,2019,953.7118,0.0669642857142857,0.0777777777777778,0.0617283950617284,0.0675944333996024,15,35,15,34,0.100358422939068,0.0914179104477612,28,49,12.5824174556716,Elementary School
125,Casa View Elementary,2020-2021,7,2208.86142857143,2020,953.7118,0.0669642857142857,0.0777777777777778,0.0617283950617284,0.0675944333996024,15,35,15,34,0.100358422939068,0.0914179104477612,28,49,7.33974351580844,Elementary School
125,Casa View Elementary,2021-2022,10,2184.617,2021,953.7118,0.0669642857142857,0.0777777777777778,0.0617283950617284,0.0675944333996024,15,35,15,34,0.100358422939068,0.0914179104477612,28,49,10.4853478797264,Elementary School
125,Casa View Elementary,2022-2023,14,3602.66222222222,2022,953.7118,0.0669642857142857,0.0777777777777778,0.0617283950617284,0.0675944333996024,15,35,15,34,0.100358422939068,0.0914179104477612,28,49,14.6794870316169,Elementary School
125,Casa View Elementary,2023-2024,19,3883.385,2023,953.7118,0.0669642857142857,0.0777777777777778,0.0617283950617284,0.0675944333996024,15,35,15,34,0.100358422939068,0.0914179104477612,28,49,19.9221609714801,Elementary School
125,Casa View Elementary,2024-2025,18,2126.47133333333,2024,953.7118,0.0669642857142857,0.0777777777777778,0.0617283950617284,0.0675944333996024,15,35,15,34,0.100358422939068,0.0914179104477612,28,49,18.8736261835074,Elementary School
126,Central Elementary,2017-2018,25,1534.674,2017,98.0498,0.0547445255474453,0.0504032258064516,0.0666666666666667,0.0777537796976242,15,25,17,36,0.0705394190871369,0.0677570093457944,17,29,254.972473171796,Elementary School
126,Central Elementary,2018-2019,27,1600.27,2018,98.0498,0.0547445255474453,0.0504032258064516,0.0666666666666667,0.0777537796976242,15,25,17,36,0.0705394190871369,0.0677570093457944,17,29,275.37027102554,Elementary School
126,Central Elementary,2019-2020,17,2230.8,2019,98.0498,0.0547445255474453,0.0504032258064516,0.0666666666666667,0.0777537796976242,15,25,17,36,0.0705394190871369,0.0677570093457944,17,29,173.381281756822,Elementary School
126,Central Elementary,2020-2021,11,1650.48222222222,2020,98.0498,0.0547445255474453,0.0504032258064516,0.0666666666666667,0.0777537796976242,15,25,17,36,0.0705394190871369,0.0677570093457944,17,29,112.18788819559,Elementary School
126,Central Elementary,2021-2022,12,1752.90083333333,2021,98.0498,0.0547445255474453,0.0504032258064516,0.0666666666666667,0.0777537796976242,15,25,17,36,0.0705394190871369,0.0677570093457944,17,29,122.386787122462,Elementary School
126,Central Elementary,2022-2023,31,2586.4836,2022,98.0498,0.0547445255474453,0.0504032258064516,0.0666666666666667,0.0777537796976242,15,25,17,36,0.0705394190871369,0.0677570093457944,17,29,316.165866733028,Elementary School
126,Central Elementary,2023-2024,37,3216.58794117647,2023,98.0498,0.0547445255474453,0.0504032258064516,0.0666666666666667,0.0777537796976242,15,25,17,36,0.0705394190871369,0.0677570093457944,17,29,377.359260294259,Elementary School
126,Central Elementary,2024-2025,35,2793.65291666667,2024,98.0498,0.0547445255474453,0.0504032258064516,0.0666666666666667,0.0777537796976242,15,25,17,36,0.0705394190871369,0.0677570093457944,17,29,356.961462440515,Elementary School
129,Conner Elementary,2017-2018,390,726.938564102564,2017,3091.8539,0.213114754098361,0.195171026156942,0.183520599250936,0.199203187250996,52,97,49,100,0.161290322580645,0.156424581005587,45,84,126.137913567003,Elementary School
129,Conner Elementary,2018-2019,392,967.248035714286,2018,3091.8539,0.213114754098361,0.195171026156942,0.183520599250936,0.199203187250996,52,97,49,100,0.161290322580645,0.156424581005587,45,84,126.784774662218,Elementary School
129,Conner Elementary,2019-2020,259,1041.11312741313,2019,3091.8539,0.213114754098361,0.195171026156942,0.183520599250936,0.199203187250996,52,97,49,100,0.161290322580645,0.156424581005587,45,84,83.768511830394,Elementary School
129,Conner Elementary,2020-2021,142,1620.46247863248,2020,3091.8539,0.213114754098361,0.195171026156942,0.183520599250936,0.199203187250996,52,97,49,100,0.161290322580645,0.156424581005587,45,84,45.9271377602933,Elementary School
129,Conner Elementary,2021-2022,249,2877.94886639676,2021,3091.8539,0.213114754098361,0.195171026156942,0.183520599250936,0.199203187250996,52,97,49,100,0.161290322580645,0.156424581005587,45,84,80.5342063543171,Elementary School
129,Conner Elementary,2022-2023,258,2963.50251028807,2022,3091.8539,0.213114754098361,0.195171026156942,0.183520599250936,0.199203187250996,52,97,49,100,0.161290322580645,0.156424581005587,45,84,83.4450812827864,Elementary School
129,Conner Elementary,2023-2024,255,4150.82894736842,2023,3091.8539,0.213114754098361,0.195171026156942,0.183520599250936,0.199203187250996,52,97,49,100,0.161290322580645,0.156424581005587,45,84,82.4747896399633,Elementary School
129,Conner Elementary,2024-2025,234,3549.88393782383,2024,3091.8539,0.213114754098361,0.195171026156942,0.183520599250936,0.199203187250996,52,97,49,100,0.161290322580645,0.156424581005587,45,84,75.6827481402016,Elementary School
130,Cowart Elementary,2017-2018,13,1241.53846153846,2017,505.4689,0.037037037037037,0.0424107142857143,0.0368852459016393,0.0376940133037694,9,19,9,17,0.0327868852459016,0.0280172413793103,8,13,25.7186940680228,Elementary School
130,Cowart Elementary,2018-2019,7,1873.14285714286,2018,505.4689,0.037037037037037,0.0424107142857143,0.0368852459016393,0.0376940133037694,9,19,9,17,0.0327868852459016,0.0280172413793103,8,13,13.8485275750892,Elementary School
130,Cowart Elementary,2019-2020,9,1183.33333333333,2019,505.4689,0.037037037037037,0.0424107142857143,0.0368852459016393,0.0376940133037694,9,19,9,17,0.0327868852459016,0.0280172413793103,8,13,17.8052497394004,Elementary School
130,Cowart Elementary,2020-2021,11,1006,2020,505.4689,0.037037037037037,0.0424107142857143,0.0368852459016393,0.0376940133037694,9,19,9,17,0.0327868852459016,0.0280172413793103,8,13,21.7619719037116,Elementary School
130,Cowart Elementary,2021-2022,12,2660.45454545455,2021,505.4689,0.037037037037037,0.0424107142857143,0.0368852459016393,0.0376940133037694,9,19,9,17,0.0327868852459016,0.0280172413793103,8,13,23.7403329858672,Elementary School
130,Cowart Elementary,2022-2023,8,2560.41666666667,2022,505.4689,0.037037037037037,0.0424107142857143,0.0368852459016393,0.0376940133037694,9,19,9,17,0.0327868852459016,0.0280172413793103,8,13,15.8268886572448,Elementary School
130,Cowart Elementary,2023-2024,11,5135.71428571429,2023,505.4689,0.037037037037037,0.0424107142857143,0.0368852459016393,0.0376940133037694,9,19,9,17,0.0327868852459016,0.0280172413793103,8,13,21.7619719037116,Elementary School
130,Cowart Elementary,2024-2025,7,2605.66666666667,2024,505.4689,0.037037037037037,0.0424107142857143,0.0368852459016393,0.0376940133037694,9,19,9,17,0.0327868852459016,0.0280172413793103,8,13,13.8485275750892,Elementary School
131,Zaragoza Elementary,2017-2018,163,1251.17141104294,2017,3288.1285,0.116071428571429,0.0972222222222222,0.0891089108910891,0.0579710144927536,13,21,9,12,0.0769230769230769,0.0822510822510823,8,19,49.5722718865762,Elementary School
131,Zaragoza Elementary,2018-2019,166,1393.9493373494,2018,3288.1285,0.116071428571429,0.0972222222222222,0.0891089108910891,0.0579710144927536,13,21,9,12,0.0769230769230769,0.0822510822510823,8,19,50.4846449887831,Elementary School
131,Zaragoza Elementary,2019-2020,134,1251.30850746269,2019,3288.1285,0.116071428571429,0.0972222222222222,0.0891089108910891,0.0579710144927536,13,21,9,12,0.0769230769230769,0.0822510822510823,8,19,40.7526652319093,Elementary School
131,Zaragoza Elementary,2020-2021,80,2120.72105263158,2020,3288.1285,0.116071428571429,0.0972222222222222,0.0891089108910891,0.0579710144927536,13,21,9,12,0.0769230769230769,0.0822510822510823,8,19,24.3299493921846,Elementary School
131,Zaragoza Elementary,2021-2022,167,3087.50077844311,2021,3288.1285,0.116071428571429,0.0972222222222222,0.0891089108910891,0.0579710144927536,13,21,9,12,0.0769230769230769,0.0822510822510823,8,19,50.7887693561855,Elementary School
131,Zaragoza Elementary,2022-2023,154,3314.91963235294,2022,3288.1285,0.116071428571429,0.0972222222222222,0.0891089108910891,0.0579710144927536,13,21,9,12,0.0769230769230769,0.0822510822510823,8,19,46.8351525799554,Elementary School
131,Zaragoza Elementary,2023-2024,180,2779.79871794872,2023,3288.1285,0.116071428571429,0.0972222222222222,0.0891089108910891,0.0579710144927536,13,21,9,12,0.0769230769230769,0.0822510822510823,8,19,54.7423861324155,Elementary School
131,Zaragoza Elementary,2024-2025,220,2827.82988165681,2024,3288.1285,0.116071428571429,0.0972222222222222,0.0891089108910891,0.0579710144927536,13,21,9,12,0.0769230769230769,0.0822510822510823,8,19,66.9073608285078,Elementary School
133,Jordan Elementary,2017-2018,12,920.833333333333,2017,200.264,0.0681818181818182,0.0641330166270784,0.0355329949238579,0.0376884422110553,15,27,7,15,0.0662983425414365,0.0489130434782609,12,18,59.9209044061838,Elementary School
133,Jordan Elementary,2018-2019,4,983.3325,2018,200.264,0.0681818181818182,0.0641330166270784,0.0355329949238579,0.0376884422110553,15,27,7,15,0.0662983425414365,0.0489130434782609,12,18,19.9736348020613,Elementary School
133,Jordan Elementary,2019-2020,9,849.265555555556,2019,200.264,0.0681818181818182,0.0641330166270784,0.0355329949238579,0.0376884422110553,15,27,7,15,0.0662983425414365,0.0489130434782609,12,18,44.9406783046379,Elementary School
133,Jordan Elementary,2020-2021,3,1320,2020,200.264,0.0681818181818182,0.0641330166270784,0.0355329949238579,0.0376884422110553,15,27,7,15,0.0662983425414365,0.0489130434782609,12,18,14.980226101546,Elementary School
133,Jordan Elementary,2021-2022,2,4620,2021,200.264,0.0681818181818182,0.0641330166270784,0.0355329949238579,0.0376884422110553,15,27,7,15,0.0662983425414365,0.0489130434782609,12,18,9.98681740103064,Elementary School
133,Jordan Elementary,2022-2023,16,2274.4,2022,200.264,0.0681818181818182,0.0641330166270784,0.0355329949238579,0.0376884422110553,15,27,7,15,0.0662983425414365,0.0489130434782609,12,18,79.8945392082451,Elementary School
133,Jordan Elementary,2023-2024,13,2298,2023,200.264,0.0681818181818182,0.0641330166270784,0.0355329949238579,0.0376884422110553,15,27,7,15,0.0662983425414365,0.0489130434782609,12,18,64.9143131066992,Elementary School
133,Jordan Elementary,2024-2025,16,4707.375,2024,200.264,0.0681818181818182,0.0641330166270784,0.0355329949238579,0.0376884422110553,15,27,7,15,0.0662983425414365,0.0489130434782609,12,18,79.8945392082451,Elementary School
135,DeGolyer Elementary,2017-2018,12,791.416666666667,2017,392.546,0.00543478260869565,0.0140845070422535,0.0344827586206897,0.0314285714285714,1,5,6,11,0.0207253886010363,0.0177514792899408,4,6,30.5696657207053,Elementary School
135,DeGolyer Elementary,2018-2019,17,2892.99647058824,2018,392.546,0.00543478260869565,0.0140845070422535,0.0344827586206897,0.0314285714285714,1,5,6,11,0.0207253886010363,0.0177514792899408,4,6,43.3070264376659,Elementary School
135,DeGolyer Elementary,2019-2020,4,3973.5,2019,392.546,0.00543478260869565,0.0140845070422535,0.0344827586206897,0.0314285714285714,1,5,6,11,0.0207253886010363,0.0177514792899408,4,6,10.1898885735684,Elementary School
135,DeGolyer Elementary,2020-2021,2,0,2020,392.546,0.00543478260869565,0.0140845070422535,0.0344827586206897,0.0314285714285714,1,5,6,11,0.0207253886010363,0.0177514792899408,4,6,5.09494428678422,Elementary School
135,DeGolyer Elementary,2021-2022,5,1320,2021,392.546,0.00543478260869565,0.0140845070422535,0.0344827586206897,0.0314285714285714,1,5,6,11,0.0207253886010363,0.0177514792899408,4,6,12.7373607169606,Elementary School
135,DeGolyer Elementary,2022-2023,3,1897,2022,392.546,0.00543478260869565,0.0140845070422535,0.0344827586206897,0.0314285714285714,1,5,6,11,0.0207253886010363,0.0177514792899408,4,6,7.64241643017634,Elementary School
135,DeGolyer Elementary,2023-2024,6,5387.5,2023,392.546,0.00543478260869565,0.0140845070422535,0.0344827586206897,0.0314285714285714,1,5,6,11,0.0207253886010363,0.0177514792899408,4,6,15.2848328603527,Elementary School
135,DeGolyer Elementary,2024-2025,2,4330,2024,392.546,0.00543478260869565,0.0140845070422535,0.0344827586206897,0.0314285714285714,1,5,6,11,0.0207253886010363,0.0177514792899408,4,6,5.09494428678422,Elementary School
136,Donald Elementary,2017-2018,51,879.609607843137,2017,271.6433,0.0425531914893617,0.039426523297491,0.0699300699300699,0.0588235294117647,6,11,10,17,0.0689655172413793,0.0586206896551724,10,17,187.746209827373,Elementary School
136,Donald Elementary,2018-2019,19,1120.42210526316,2018,271.6433,0.0425531914893617,0.039426523297491,0.0699300699300699,0.0588235294117647,6,11,10,17,0.0689655172413793,0.0586206896551724,10,17,69.9446664062762,Elementary School
136,Donald Elementary,2019-2020,3,209.72,2019,271.6433,0.0425531914893617,0.039426523297491,0.0699300699300699,0.0588235294117647,6,11,10,17,0.0689655172413793,0.0586206896551724,10,17,11.0438946957278,Elementary School
136,Donald Elementary,2020-2021,5,2360,2020,271.6433,0.0425531914893617,0.039426523297491,0.0699300699300699,0.0588235294117647,6,11,10,17,0.0689655172413793,0.0586206896551724,10,17,18.4064911595464,Elementary School
136,Donald Elementary,2021-2022,3,4611.33333333333,2021,271.6433,0.0425531914893617,0.039426523297491,0.0699300699300699,0.0588235294117647,6,11,10,17,0.0689655172413793,0.0586206896551724,10,17,11.0438946957278,Elementary School
136,Donald Elementary,2022-2023,8,3908.66428571429,2022,271.6433,0.0425531914893617,0.039426523297491,0.0699300699300699,0.0588235294117647,6,11,10,17,0.0689655172413793,0.0586206896551724,10,17,29.4503858552742,Elementary School
136,Donald Elementary,2023-2024,4,2050,2023,271.6433,0.0425531914893617,0.039426523297491,0.0699300699300699,0.0588235294117647,6,11,10,17,0.0689655172413793,0.0586206896551724,10,17,14.7251929276371,Elementary School
136,Donald Elementary,2024-2025,4,2063.33333333333,2024,271.6433,0.0425531914893617,0.039426523297491,0.0699300699300699,0.0588235294117647,6,11,10,17,0.0689655172413793,0.0586206896551724,10,17,14.7251929276371,Elementary School
137,Dorsey Elementary,2017-2018,35,894.526571428571,2017,256.6784,0.0353535353535354,0.04,0.050561797752809,0.0608695652173913,7,15,9,21,0.0402298850574713,0.061046511627907,7,21,136.357402882362,Elementary School
137,Dorsey Elementary,2018-2019,51,885.43137254902,2018,256.6784,0.0353535353535354,0.04,0.050561797752809,0.0608695652173913,7,15,9,21,0.0402298850574713,0.061046511627907,7,21,198.692215628584,Elementary School
137,Dorsey Elementary,2019-2020,38,821.136052631579,2019,256.6784,0.0353535353535354,0.04,0.050561797752809,0.0608695652173913,7,15,9,21,0.0402298850574713,0.061046511627907,7,21,148.045180272278,Elementary School
137,Dorsey Elementary,2020-2021,22,1197.25,2020,256.6784,0.0353535353535354,0.04,0.050561797752809,0.0608695652173913,7,15,9,21,0.0402298850574713,0.061046511627907,7,21,85.710367526056,Elementary School
137,Dorsey Elementary,2021-2022,52,2135.20057692308,2021,256.6784,0.0353535353535354,0.04,0.050561797752809,0.0608695652173913,7,15,9,21,0.0402298850574713,0.061046511627907,7,21,202.588141425223,Elementary School
137,Dorsey Elementary,2022-2023,43,3674.43029411765,2022,256.6784,0.0353535353535354,0.04,0.050561797752809,0.0608695652173913,7,15,9,21,0.0402298850574713,0.061046511627907,7,21,167.524809255473,Elementary School
137,Dorsey Elementary,2023-2024,51,1944.92571428571,2023,256.6784,0.0353535353535354,0.04,0.050561797752809,0.0608695652173913,7,15,9,21,0.0402298850574713,0.061046511627907,7,21,198.692215628584,Elementary School
137,Dorsey Elementary,2024-2025,62,2280.42637931035,2024,256.6784,0.0353535353535354,0.04,0.050561797752809,0.0608695652173913,7,15,9,21,0.0402298850574713,0.061046511627907,7,21,241.547399391612,Elementary School
139,Dunbar Learning Center,2017-2018,617,1394.54411669368,2017,6453.1345,0.231292517006803,0.210622710622711,0.185053380782918,0.16789667896679,68,115,52,91,0.145161290322581,0.150326797385621,36,69,95.6124500426886,Elementary School
139,Dunbar Learning Center,2018-2019,564,1342.58578014184,2018,6453.1345,0.231292517006803,0.210622710622711,0.185053380782918,0.16789667896679,68,115,52,91,0.145161290322581,0.150326797385621,36,69,87.3993870730573,Elementary School
139,Dunbar Learning Center,2019-2020,386,1517.16857512953,2019,6453.1345,0.231292517006803,0.210622710622711,0.185053380782918,0.16789667896679,68,115,52,91,0.145161290322581,0.150326797385621,36,69,59.8158925712768,Elementary School
139,Dunbar Learning Center,2020-2021,257,1792.43646017699,2020,6453.1345,0.231292517006803,0.210622710622711,0.185053380782918,0.16789667896679,68,115,52,91,0.145161290322581,0.150326797385621,36,69,39.8256072300988,Elementary School
139,Dunbar Learning Center,2021-2022,464,2514.38982608696,2021,6453.1345,0.231292517006803,0.210622710622711,0.185053380782918,0.16789667896679,68,115,52,91,0.145161290322581,0.150326797385621,36,69,71.9030418473379,Elementary School
139,Dunbar Learning Center,2022-2023,492,3434.82515081206,2022,6453.1345,0.231292517006803,0.210622710622711,0.185053380782918,0.16789667896679,68,115,52,91,0.145161290322581,0.150326797385621,36,69,76.2420185105393,Elementary School
139,Dunbar Learning Center,2023-2024,481,3892.15216666667,2023,6453.1345,0.231292517006803,0.210622710622711,0.185053380782918,0.16789667896679,68,115,52,91,0.145161290322581,0.150326797385621,36,69,74.5374205357102,Elementary School
139,Dunbar Learning Center,2024-2025,515,2804.78412060302,2024,6453.1345,0.231292517006803,0.210622710622711,0.185053380782918,0.16789667896679,68,115,52,91,0.145161290322581,0.150326797385621,36,69,79.8061779124548,Elementary School
141,Stone Elementary at Vickery Meadow,2017-2018,165,1264.0403030303,2017,2275.6345,0.15695067264574,0.154613466334165,0.129943502824859,0.143695014662757,35,62,23,49,0.136363636363636,0.129129129129129,21,43,72.5072501757202,Elementary School
141,Stone Elementary at Vickery Meadow,2018-2019,189,1090.38513227513,2018,2275.6345,0.15695067264574,0.154613466334165,0.129943502824859,0.143695014662757,35,62,23,49,0.136363636363636,0.129129129129129,21,43,83.0537592921886,Elementary School
141,Stone Elementary at Vickery Meadow,2019-2020,109,1147.11366972477,2019,2275.6345,0.15695067264574,0.154613466334165,0.129943502824859,0.143695014662757,35,62,23,49,0.136363636363636,0.129129129129129,21,43,47.8987289039606,Elementary School
141,Stone Elementary at Vickery Meadow,2020-2021,99,1463.87081395349,2020,2275.6345,0.15695067264574,0.154613466334165,0.129943502824859,0.143695014662757,35,62,23,49,0.136363636363636,0.129129129129129,21,43,43.5043501054321,Elementary School
141,Stone Elementary at Vickery Meadow,2021-2022,123,1944.83227642276,2021,2275.6345,0.15695067264574,0.154613466334165,0.129943502824859,0.143695014662757,35,62,23,49,0.136363636363636,0.129129129129129,21,43,54.0508592219005,Elementary School
141,Stone Elementary at Vickery Meadow,2022-2023,117,2152.65097345133,2022,2275.6345,0.15695067264574,0.154613466334165,0.129943502824859,0.143695014662757,35,62,23,49,0.136363636363636,0.129129129129129,21,43,51.4142319427834,Elementary School
141,Stone Elementary at Vickery Meadow,2023-2024,148,1933.49109489051,2023,2275.6345,0.15695067264574,0.154613466334165,0.129943502824859,0.143695014662757,35,62,23,49,0.136363636363636,0.129129129129129,21,43,65.0368062182218,Elementary School
141,Stone Elementary at Vickery Meadow,2024-2025,98,1929.59976744186,2024,2275.6345,0.15695067264574,0.154613466334165,0.129943502824859,0.143695014662757,35,62,23,49,0.136363636363636,0.129129129129129,21,43,43.0649122255793,Elementary School
142,Ervin Elementary,2017-2018,212,1208.06481132075,2017,1344.1315,0.148036253776435,0.148148148148148,0.175862068965517,0.173913043478261,49,92,51,96,0.166051660516605,0.175337186897881,45,91,157.722663295965,Elementary School
142,Ervin Elementary,2018-2019,191,1687.69602094241,2018,1344.1315,0.148036253776435,0.148148148148148,0.175862068965517,0.173913043478261,49,92,51,96,0.166051660516605,0.175337186897881,45,91,142.099191931742,Elementary School
142,Ervin Elementary,2019-2020,213,1648.51882629108,2019,1344.1315,0.148036253776435,0.148148148148148,0.175862068965517,0.173913043478261,49,92,51,96,0.166051660516605,0.175337186897881,45,91,158.466638122832,Elementary School
142,Ervin Elementary,2020-2021,132,2179.89025210084,2020,1344.1315,0.148036253776435,0.148148148148148,0.175862068965517,0.173913043478261,49,92,51,96,0.166051660516605,0.175337186897881,45,91,98.2046771465441,Elementary School
142,Ervin Elementary,2021-2022,234,1949.97802575107,2021,1344.1315,0.148036253776435,0.148148148148148,0.175862068965517,0.173913043478261,49,92,51,96,0.166051660516605,0.175337186897881,45,91,174.090109487055,Elementary School
142,Ervin Elementary,2022-2023,233,3347.94219626168,2022,1344.1315,0.148036253776435,0.148148148148148,0.175862068965517,0.173913043478261,49,92,51,96,0.166051660516605,0.175337186897881,45,91,173.346134660188,Elementary School
142,Ervin Elementary,2023-2024,174,2995.4596178344,2023,1344.1315,0.148036253776435,0.148148148148148,0.175862068965517,0.173913043478261,49,92,51,96,0.166051660516605,0.175337186897881,45,91,129.45161987499,Elementary School
142,Ervin Elementary,2024-2025,228,3157.7847260274,2024,1344.1315,0.148036253776435,0.148148148148148,0.175862068965517,0.173913043478261,49,92,51,96,0.166051660516605,0.175337186897881,45,91,169.626260525849,Elementary School
145,Foster Elementary,2017-2018,91,816.263956043956,2017,1732.0573,0.120331950207469,0.112798264642082,0.0619469026548673,0.0774336283185841,29,52,14,35,0.0562248995983936,0.0759493670886076,14,36,52.5386775599168,Elementary School
145,Foster Elementary,2018-2019,196,756.204693877551,2018,1732.0573,0.120331950207469,0.112798264642082,0.0619469026548673,0.0774336283185841,29,52,14,35,0.0562248995983936,0.0759493670886076,14,36,113.16022859059,Elementary School
145,Foster Elementary,2019-2020,141,921.077021276596,2019,1732.0573,0.120331950207469,0.112798264642082,0.0619469026548673,0.0774336283185841,29,52,14,35,0.0562248995983936,0.0759493670886076,14,36,81.4060828126183,Elementary School
145,Foster Elementary,2020-2021,42,2752.60103448276,2020,1732.0573,0.120331950207469,0.112798264642082,0.0619469026548673,0.0774336283185841,29,52,14,35,0.0562248995983936,0.0759493670886076,14,36,24.2486204122693,Elementary School
145,Foster Elementary,2021-2022,142,1964.63077464789,2021,1732.0573,0.120331950207469,0.112798264642082,0.0619469026548673,0.0774336283185841,29,52,14,35,0.0562248995983936,0.0759493670886076,14,36,81.9834309176723,Elementary School
145,Foster Elementary,2022-2023,73,2151.76373134328,2022,1732.0573,0.120331950207469,0.112798264642082,0.0619469026548673,0.0774336283185841,29,52,14,35,0.0562248995983936,0.0759493670886076,14,36,42.1464116689442,Elementary School
145,Foster Elementary,2023-2024,80,2578.07787878788,2023,1732.0573,0.120331950207469,0.112798264642082,0.0619469026548673,0.0774336283185841,29,52,14,35,0.0562248995983936,0.0759493670886076,14,36,46.1878484043224,Elementary School
145,Foster Elementary,2024-2025,74,3371.76288135593,2024,1732.0573,0.120331950207469,0.112798264642082,0.0619469026548673,0.0774336283185841,29,52,14,35,0.0562248995983936,0.0759493670886076,14,36,42.7237597739982,Elementary School
147,Gill Elementary,2017-2018,346,992.193699421965,2017,1045.8849,0.123552123552124,0.0967153284671533,0.0974729241877256,0.103448275862069,32,53,27,54,0.126811594202899,0.117760617760618,35,61,330.820341702992,Elementary School
147,Gill Elementary,2018-2019,270,1024.29125925926,2018,1045.8849,0.123552123552124,0.0967153284671533,0.0974729241877256,0.103448275862069,32,53,27,54,0.126811594202899,0.117760617760618,35,61,258.154601906959,Elementary School
147,Gill Elementary,2019-2020,126,1022.7380952381,2019,1045.8849,0.123552123552124,0.0967153284671533,0.0974729241877256,0.103448275862069,32,53,27,54,0.126811594202899,0.117760617760618,35,61,120.472147556581,Elementary School
147,Gill Elementary,2020-2021,79,1936.47708860759,2020,1045.8849,0.123552123552124,0.0967153284671533,0.0974729241877256,0.103448275862069,32,53,27,54,0.126811594202899,0.117760617760618,35,61,75.5341242616659,Elementary School
147,Gill Elementary,2021-2022,100,3171.9061,2021,1045.8849,0.123552123552124,0.0967153284671533,0.0974729241877256,0.103448275862069,32,53,27,54,0.126811594202899,0.117760617760618,35,61,95.6128155210961,Elementary School
147,Gill Elementary,2022-2023,62,4067.51660714286,2022,1045.8849,0.123552123552124,0.0967153284671533,0.0974729241877256,0.103448275862069,32,53,27,54,0.126811594202899,0.117760617760618,35,61,59.2799456230796,Elementary School
147,Gill Elementary,2023-2024,40,3927.6376,2023,1045.8849,0.123552123552124,0.0967153284671533,0.0974729241877256,0.103448275862069,32,53,27,54,0.126811594202899,0.117760617760618,35,61,38.2451262084384,Elementary School
147,Gill Elementary,2024-2025,59,2931.92394736842,2024,1045.8849,0.123552123552124,0.0967153284671533,0.0974729241877256,0.103448275862069,32,53,27,54,0.126811594202899,0.117760617760618,35,61,56.4115611574467,Elementary School
148,Gooch Elementary,2017-2018,39,983.154358974359,2017,140.7748,0.078125,0.0905511811023622,0.0317460317460317,0.033457249070632,10,23,4,9,0.0434782608695652,0.03886925795053,6,11,277.038219908677,Elementary School
148,Gooch Elementary,2018-2019,20,1131.4125,2018,140.7748,0.078125,0.0905511811023622,0.0317460317460317,0.033457249070632,10,23,4,9,0.0434782608695652,0.03886925795053,6,11,142.07088200445,Elementary School
148,Gooch Elementary,2019-2020,11,974.755454545455,2019,140.7748,0.078125,0.0905511811023622,0.0317460317460317,0.033457249070632,10,23,4,9,0.0434782608695652,0.03886925795053,6,11,78.1389851024473,Elementary School
148,Gooch Elementary,2020-2021,10,3588.059,2020,140.7748,0.078125,0.0905511811023622,0.0317460317460317,0.033457249070632,10,23,4,9,0.0434782608695652,0.03886925795053,6,11,71.0354410022249,Elementary School
148,Gooch Elementary,2021-2022,11,1578.3,2021,140.7748,0.078125,0.0905511811023622,0.0317460317460317,0.033457249070632,10,23,4,9,0.0434782608695652,0.03886925795053,6,11,78.1389851024473,Elementary School
148,Gooch Elementary,2022-2023,2,1374,2022,140.7748,0.078125,0.0905511811023622,0.0317460317460317,0.033457249070632,10,23,4,9,0.0434782608695652,0.03886925795053,6,11,14.207088200445,Elementary School
148,Gooch Elementary,2023-2024,6,1260.58333333333,2023,140.7748,0.078125,0.0905511811023622,0.0317460317460317,0.033457249070632,10,23,4,9,0.0434782608695652,0.03886925795053,6,11,42.6212646013349,Elementary School
148,Gooch Elementary,2024-2025,3,8125,2024,140.7748,0.078125,0.0905511811023622,0.0317460317460317,0.033457249070632,10,23,4,9,0.0434782608695652,0.03886925795053,6,11,21.3106323006675,Elementary School
149,Hall Elementary,2017-2018,9,1675.55555555556,2017,163.2276,0.06,0.0575916230366492,0.0353535353535354,0.032171581769437,12,22,7,12,0.0648648648648649,0.0494791666666667,12,19,55.1377340596811,Elementary School
149,Hall Elementary,2018-2019,3,446.666666666667,2018,163.2276,0.06,0.0575916230366492,0.0353535353535354,0.032171581769437,12,22,7,12,0.0648648648648649,0.0494791666666667,12,19,18.3792446865604,Elementary School
149,Hall Elementary,2019-2020,11,1483.18181818182,2019,163.2276,0.06,0.0575916230366492,0.0353535353535354,0.032171581769437,12,22,7,12,0.0648648648648649,0.0494791666666667,12,19,67.3905638507213,Elementary School
149,Hall Elementary,2020-2021,1,,2020,163.2276,0.06,0.0575916230366492,0.0353535353535354,0.032171581769437,12,22,7,12,0.0648648648648649,0.0494791666666667,12,19,6.12641489552012,Elementary School
149,Hall Elementary,2021-2022,9,3916.88888888889,2021,163.2276,0.06,0.0575916230366492,0.0353535353535354,0.032171581769437,12,22,7,12,0.0648648648648649,0.0494791666666667,12,19,55.1377340596811,Elementary School
149,Hall Elementary,2022-2023,12,2496.8,2022,163.2276,0.06,0.0575916230366492,0.0353535353535354,0.032171581769437,12,22,7,12,0.0648648648648649,0.0494791666666667,12,19,73.5169787462414,Elementary School
149,Hall Elementary,2023-2024,4,2325.7525,2023,163.2276,0.06,0.0575916230366492,0.0353535353535354,0.032171581769437,12,22,7,12,0.0648648648648649,0.0494791666666667,12,19,24.5056595820805,Elementary School
149,Hall Elementary,2024-2025,2,2017.5,2024,163.2276,0.06,0.0575916230366492,0.0353535353535354,0.032171581769437,12,22,7,12,0.0648648648648649,0.0494791666666667,12,19,12.2528297910402,Elementary School
152,Henderson Elementary,2017-2018,13,527.692307692308,2017,425.7293,0.0486111111111111,0.0590277777777778,0.020979020979021,0.024390243902439,7,17,3,7,0.0217391304347826,0.0177304964539007,3,5,30.5358357998851,Elementary School
152,Henderson Elementary,2018-2019,17,989.392352941177,2018,425.7293,0.0486111111111111,0.0590277777777778,0.020979020979021,0.024390243902439,7,17,3,7,0.0217391304347826,0.0177304964539007,3,5,39.9314775844651,Elementary School
152,Henderson Elementary,2019-2020,6,634.983333333333,2019,425.7293,0.0486111111111111,0.0590277777777778,0.020979020979021,0.024390243902439,7,17,3,7,0.0217391304347826,0.0177304964539007,3,5,14.09346267687,Elementary School
152,Henderson Elementary,2020-2021,4,0,2020,425.7293,0.0486111111111111,0.0590277777777778,0.020979020979021,0.024390243902439,7,17,3,7,0.0217391304347826,0.0177304964539007,3,5,9.39564178458001,Elementary School
152,Henderson Elementary,2021-2022,15,2517.93333333333,2021,425.7293,0.0486111111111111,0.0590277777777778,0.020979020979021,0.024390243902439,7,17,3,7,0.0217391304347826,0.0177304964539007,3,5,35.233656692175,Elementary School
152,Henderson Elementary,2022-2023,11,3690.2,2022,425.7293,0.0486111111111111,0.0590277777777778,0.020979020979021,0.024390243902439,7,17,3,7,0.0217391304347826,0.0177304964539007,3,5,25.838014907595,Elementary School
152,Henderson Elementary,2023-2024,10,3376.51888888889,2023,425.7293,0.0486111111111111,0.0590277777777778,0.020979020979021,0.024390243902439,7,17,3,7,0.0217391304347826,0.0177304964539007,3,5,23.48910446145,Elementary School
152,Henderson Elementary,2024-2025,9,2300.1125,2024,425.7293,0.0486111111111111,0.0590277777777778,0.020979020979021,0.024390243902439,7,17,3,7,0.0217391304347826,0.0177304964539007,3,5,21.140194015305,Elementary School
153,Hexter Elementary,2017-2018,56,1085.82892857143,2017,897.7231,0.055793991416309,0.0683371298405467,0.0570175438596491,0.0589569160997732,13,30,13,26,0.0697674418604651,0.08,15,32,62.380036784171,Elementary School
153,Hexter Elementary,2018-2019,82,919.536463414634,2018,897.7231,0.055793991416309,0.0683371298405467,0.0570175438596491,0.0589569160997732,13,30,13,26,0.0697674418604651,0.08,15,32,91.3421967196789,Elementary School
153,Hexter Elementary,2019-2020,61,775.69737704918,2019,897.7231,0.055793991416309,0.0683371298405467,0.0570175438596491,0.0589569160997732,13,30,13,26,0.0697674418604651,0.08,15,32,67.9496829256148,Elementary School
153,Hexter Elementary,2020-2021,37,2636.56,2020,897.7231,0.055793991416309,0.0683371298405467,0.0570175438596491,0.0589569160997732,13,30,13,26,0.0697674418604651,0.08,15,32,41.2153814466844,Elementary School
153,Hexter Elementary,2021-2022,45,2711.04288888889,2021,897.7231,0.055793991416309,0.0683371298405467,0.0570175438596491,0.0589569160997732,13,30,13,26,0.0697674418604651,0.08,15,32,50.1268152729945,Elementary School
153,Hexter Elementary,2022-2023,82,2066.42230769231,2022,897.7231,0.055793991416309,0.0683371298405467,0.0570175438596491,0.0589569160997732,13,30,13,26,0.0697674418604651,0.08,15,32,91.3421967196789,Elementary School
153,Hexter Elementary,2023-2024,80,2275.85857142857,2023,897.7231,0.055793991416309,0.0683371298405467,0.0570175438596491,0.0589569160997732,13,30,13,26,0.0697674418604651,0.08,15,32,89.1143382631014,Elementary School
153,Hexter Elementary,2024-2025,42,3026.53121212121,2024,897.7231,0.055793991416309,0.0683371298405467,0.0570175438596491,0.0589569160997732,13,30,13,26,0.0697674418604651,0.08,15,32,46.7850275881282,Elementary School
154,Smith Elementary,2017-2018,133,1068.65015037594,2017,678.6453,0.123745819397993,0.0923344947735192,0.0946372239747634,0.0946372239747634,37,53,30,60,0.0917721518987342,0.0913539967373573,29,56,195.978665143632,Elementary School
154,Smith Elementary,2018-2019,224,1058.56834821429,2018,678.6453,0.123745819397993,0.0923344947735192,0.0946372239747634,0.0946372239747634,37,53,30,60,0.0917721518987342,0.0913539967373573,29,56,330.069330768223,Elementary School
154,Smith Elementary,2019-2020,264,762.327689393939,2019,678.6453,0.123745819397993,0.0923344947735192,0.0946372239747634,0.0946372239747634,37,53,30,60,0.0917721518987342,0.0913539967373573,29,56,389.01028269112,Elementary School
154,Smith Elementary,2020-2021,110,1590.38195402299,2020,678.6453,0.123745819397993,0.0923344947735192,0.0946372239747634,0.0946372239747634,37,53,30,60,0.0917721518987342,0.0913539967373573,29,56,162.087617787967,Elementary School
154,Smith Elementary,2021-2022,144,2563.46631944444,2021,678.6453,0.123745819397993,0.0923344947735192,0.0946372239747634,0.0946372239747634,37,53,30,60,0.0917721518987342,0.0913539967373573,29,56,212.187426922429,Elementary School
154,Smith Elementary,2022-2023,244,3403.92976958525,2022,678.6453,0.123745819397993,0.0923344947735192,0.0946372239747634,0.0946372239747634,37,53,30,60,0.0917721518987342,0.0913539967373573,29,56,359.539806729672,Elementary School
154,Smith Elementary,2023-2024,180,1941.16264705882,2023,678.6453,0.123745819397993,0.0923344947735192,0.0946372239747634,0.0946372239747634,37,53,30,60,0.0917721518987342,0.0913539967373573,29,56,265.234283653036,Elementary School
154,Smith Elementary,2024-2025,189,1891.18471544715,2024,678.6453,0.123745819397993,0.0923344947735192,0.0946372239747634,0.0946372239747634,37,53,30,60,0.0917721518987342,0.0913539967373573,29,56,278.495997835688,Elementary School
155,Tatum Jr Elementary,2017-2018,102,1595.48303921569,2017,1277.8217,0.126315789473684,0.153623188405797,0.124293785310734,0.0985074626865672,24,53,22,33,0.111111111111111,0.117088607594937,17,37,79.8233431158666,Elementary School
155,Tatum Jr Elementary,2018-2019,102,1289.64568627451,2018,1277.8217,0.126315789473684,0.153623188405797,0.124293785310734,0.0985074626865672,24,53,22,33,0.111111111111111,0.117088607594937,17,37,79.8233431158666,Elementary School
155,Tatum Jr Elementary,2019-2020,88,1315.77806818182,2019,1277.8217,0.126315789473684,0.153623188405797,0.124293785310734,0.0985074626865672,24,53,22,33,0.111111111111111,0.117088607594937,17,37,68.8671979823163,Elementary School
155,Tatum Jr Elementary,2020-2021,39,3183.94419354839,2020,1277.8217,0.126315789473684,0.153623188405797,0.124293785310734,0.0985074626865672,24,53,22,33,0.111111111111111,0.117088607594937,17,37,30.5206900148902,Elementary School
155,Tatum Jr Elementary,2021-2022,41,3417.80926829268,2021,1277.8217,0.126315789473684,0.153623188405797,0.124293785310734,0.0985074626865672,24,53,22,33,0.111111111111111,0.117088607594937,17,37,32.0858536053974,Elementary School
155,Tatum Jr Elementary,2022-2023,61,3765.04309090909,2022,1277.8217,0.126315789473684,0.153623188405797,0.124293785310734,0.0985074626865672,24,53,22,33,0.111111111111111,0.117088607594937,17,37,47.7374895104693,Elementary School
155,Tatum Jr Elementary,2023-2024,86,3721.51,2023,1277.8217,0.126315789473684,0.153623188405797,0.124293785310734,0.0985074626865672,24,53,22,33,0.111111111111111,0.117088607594937,17,37,67.3020343918091,Elementary School
155,Tatum Jr Elementary,2024-2025,82,3280.186875,2024,1277.8217,0.126315789473684,0.153623188405797,0.124293785310734,0.0985074626865672,24,53,22,33,0.111111111111111,0.117088607594937,17,37,64.1717072107948,Elementary School
156,Hawthorne Elementary,2017-2018,6,1337.5,2017,226.4783,0.04,0.0353260869565217,0.041025641025641,0.0402298850574713,8,13,8,14,0.0348837209302326,0.0451807228915663,6,15,26.4926043687188,Elementary School
156,Hawthorne Elementary,2018-2019,14,1249.28571428571,2018,226.4783,0.04,0.0353260869565217,0.041025641025641,0.0402298850574713,8,13,8,14,0.0348837209302326,0.0451807228915663,6,15,61.8160768603438,Elementary School
156,Hawthorne Elementary,2019-2020,2,1262.5,2019,226.4783,0.04,0.0353260869565217,0.041025641025641,0.0402298850574713,8,13,8,14,0.0348837209302326,0.0451807228915663,6,15,8.83086812290626,Elementary School
156,Hawthorne Elementary,2020-2021,4,275,2020,226.4783,0.04,0.0353260869565217,0.041025641025641,0.0402298850574713,8,13,8,14,0.0348837209302326,0.0451807228915663,6,15,17.6617362458125,Elementary School
156,Hawthorne Elementary,2021-2022,5,5491.306,2021,226.4783,0.04,0.0353260869565217,0.041025641025641,0.0402298850574713,8,13,8,14,0.0348837209302326,0.0451807228915663,6,15,22.0771703072656,Elementary School
156,Hawthorne Elementary,2022-2023,8,3693.01,2022,226.4783,0.04,0.0353260869565217,0.041025641025641,0.0402298850574713,8,13,8,14,0.0348837209302326,0.0451807228915663,6,15,35.323472491625,Elementary School
156,Hawthorne Elementary,2023-2024,7,1850,2023,226.4783,0.04,0.0353260869565217,0.041025641025641,0.0402298850574713,8,13,8,14,0.0348837209302326,0.0451807228915663,6,15,30.9080384301719,Elementary School
156,Hawthorne Elementary,2024-2025,1,1610,2024,226.4783,0.04,0.0353260869565217,0.041025641025641,0.0402298850574713,8,13,8,14,0.0348837209302326,0.0451807228915663,6,15,4.41543406145313,Elementary School
157,Hogg Elementary,2017-2018,59,1030.27762711864,2017,1352.0114,0.0714285714285714,0.0749063670411985,0.0942028985507246,0.105839416058394,10,20,13,29,0.0833333333333333,0.0833333333333333,12,22,43.6386852951092,Elementary School
157,Hogg Elementary,2018-2019,57,1628.60578947368,2018,1352.0114,0.0714285714285714,0.0749063670411985,0.0942028985507246,0.105839416058394,10,20,13,29,0.0833333333333333,0.0833333333333333,12,22,42.1594078274784,Elementary School
157,Hogg Elementary,2019-2020,43,1299.38302325581,2019,1352.0114,0.0714285714285714,0.0749063670411985,0.0942028985507246,0.105839416058394,10,20,13,29,0.0833333333333333,0.0833333333333333,12,22,31.8044655540626,Elementary School
157,Hogg Elementary,2020-2021,22,2043.17636363636,2020,1352.0114,0.0714285714285714,0.0749063670411985,0.0942028985507246,0.105839416058394,10,20,13,29,0.0833333333333333,0.0833333333333333,12,22,16.272052143939,Elementary School
157,Hogg Elementary,2021-2022,53,3422.64653846154,2021,1352.0114,0.0714285714285714,0.0749063670411985,0.0942028985507246,0.105839416058394,10,20,13,29,0.0833333333333333,0.0833333333333333,12,22,39.2008528922167,Elementary School
157,Hogg Elementary,2022-2023,97,4527.75264367816,2022,1352.0114,0.0714285714285714,0.0749063670411985,0.0942028985507246,0.105839416058394,10,20,13,29,0.0833333333333333,0.0833333333333333,12,22,71.7449571800948,Elementary School
157,Hogg Elementary,2023-2024,156,3760.69,2023,1352.0114,0.0714285714285714,0.0749063670411985,0.0942028985507246,0.105839416058394,10,20,13,29,0.0833333333333333,0.0833333333333333,12,22,115.383642475204,Elementary School
157,Hogg Elementary,2024-2025,166,2857.81595419847,2024,1352.0114,0.0714285714285714,0.0749063670411985,0.0942028985507246,0.105839416058394,10,20,13,29,0.0833333333333333,0.0833333333333333,12,22,122.780029813358,Elementary School
158,Hooe Elementary,2017-2018,6,2290.645,2017,298.2671,0.0575539568345324,0.060377358490566,0.0328947368421053,0.0442176870748299,8,16,5,13,0.106666666666667,0.102990033222591,16,31,20.1161978642633,Elementary School
158,Hooe Elementary,2018-2019,9,1263.40888888889,2018,298.2671,0.0575539568345324,0.060377358490566,0.0328947368421053,0.0442176870748299,8,16,5,13,0.106666666666667,0.102990033222591,16,31,30.1742967963949,Elementary School
158,Hooe Elementary,2019-2020,5,330,2019,298.2671,0.0575539568345324,0.060377358490566,0.0328947368421053,0.0442176870748299,8,16,5,13,0.106666666666667,0.102990033222591,16,31,16.7634982202194,Elementary School
158,Hooe Elementary,2020-2021,5,1687.5,2020,298.2671,0.0575539568345324,0.060377358490566,0.0328947368421053,0.0442176870748299,8,16,5,13,0.106666666666667,0.102990033222591,16,31,16.7634982202194,Elementary School
158,Hooe Elementary,2021-2022,5,4417.666,2021,298.2671,0.0575539568345324,0.060377358490566,0.0328947368421053,0.0442176870748299,8,16,5,13,0.106666666666667,0.102990033222591,16,31,16.7634982202194,Elementary School
158,Hooe Elementary,2022-2023,5,2723.0275,2022,298.2671,0.0575539568345324,0.060377358490566,0.0328947368421053,0.0442176870748299,8,16,5,13,0.106666666666667,0.102990033222591,16,31,16.7634982202194,Elementary School
158,Hooe Elementary,2023-2024,11,3117.60181818182,2023,298.2671,0.0575539568345324,0.060377358490566,0.0328947368421053,0.0442176870748299,8,16,5,13,0.106666666666667,0.102990033222591,16,31,36.8796960844827,Elementary School
158,Hooe Elementary,2024-2025,9,5374.062,2024,298.2671,0.0575539568345324,0.060377358490566,0.0328947368421053,0.0442176870748299,8,16,5,13,0.106666666666667,0.102990033222591,16,31,30.1742967963949,Elementary School
159,Hotchkiss Elementary,2017-2018,157,577.653057324841,2017,3172.5494,0.111764705882353,0.109144542772861,0.149484536082474,0.153225806451613,19,37,29,57,0.177339901477833,0.150537634408602,36,56,49.4870150800489,Elementary School
159,Hotchkiss Elementary,2018-2019,130,620.958153846154,2018,3172.5494,0.111764705882353,0.109144542772861,0.149484536082474,0.153225806451613,19,37,29,57,0.177339901477833,0.150537634408602,36,56,40.9765093019513,Elementary School
159,Hotchkiss Elementary,2019-2020,98,687.18806122449,2019,3172.5494,0.111764705882353,0.109144542772861,0.149484536082474,0.153225806451613,19,37,29,57,0.177339901477833,0.150537634408602,36,56,30.8899839353171,Elementary School
159,Hotchkiss Elementary,2020-2021,33,2121.30137931035,2020,3172.5494,0.111764705882353,0.109144542772861,0.149484536082474,0.153225806451613,19,37,29,57,0.177339901477833,0.150537634408602,36,56,10.4017292843415,Elementary School
159,Hotchkiss Elementary,2021-2022,92,2151.95097826087,2021,3172.5494,0.111764705882353,0.109144542772861,0.149484536082474,0.153225806451613,19,37,29,57,0.177339901477833,0.150537634408602,36,56,28.9987604290732,Elementary School
159,Hotchkiss Elementary,2022-2023,85,2954.8764556962,2022,3172.5494,0.111764705882353,0.109144542772861,0.149484536082474,0.153225806451613,19,37,29,57,0.177339901477833,0.150537634408602,36,56,26.792333005122,Elementary School
159,Hotchkiss Elementary,2023-2024,57,2105.72703703704,2023,3172.5494,0.111764705882353,0.109144542772861,0.149484536082474,0.153225806451613,19,37,29,57,0.177339901477833,0.150537634408602,36,56,17.9666233093171,Elementary School
159,Hotchkiss Elementary,2024-2025,128,2709.08931372549,2024,3172.5494,0.111764705882353,0.109144542772861,0.149484536082474,0.153225806451613,19,37,29,57,0.177339901477833,0.150537634408602,36,56,40.3461014665367,Elementary School
161,Mendez Elementary,2017-2018,30,937.383333333333,2017,623.7817,0.0738636363636364,0.0718232044198895,0.0862068965517242,0.0903954802259887,13,26,15,32,0.0824175824175824,0.0728291316526611,15,26,48.0937481814552,Elementary School
161,Mendez Elementary,2018-2019,35,921.338,2018,623.7817,0.0738636363636364,0.0718232044198895,0.0862068965517242,0.0903954802259887,13,26,15,32,0.0824175824175824,0.0728291316526611,15,26,56.1093728783644,Elementary School
161,Mendez Elementary,2019-2020,23,985.865217391304,2019,623.7817,0.0738636363636364,0.0718232044198895,0.0862068965517242,0.0903954802259887,13,26,15,32,0.0824175824175824,0.0728291316526611,15,26,36.8718736057823,Elementary School
161,Mendez Elementary,2020-2021,14,1701.67857142857,2020,623.7817,0.0738636363636364,0.0718232044198895,0.0862068965517242,0.0903954802259887,13,26,15,32,0.0824175824175824,0.0728291316526611,15,26,22.4437491513457,Elementary School
161,Mendez Elementary,2021-2022,27,2486.19375,2021,623.7817,0.0738636363636364,0.0718232044198895,0.0862068965517242,0.0903954802259887,13,26,15,32,0.0824175824175824,0.0728291316526611,15,26,43.2843733633096,Elementary School
161,Mendez Elementary,2022-2023,16,1432.30090909091,2022,623.7817,0.0738636363636364,0.0718232044198895,0.0862068965517242,0.0903954802259887,13,26,15,32,0.0824175824175824,0.0728291316526611,15,26,25.6499990301094,Elementary School
161,Mendez Elementary,2023-2024,11,3477.94444444444,2023,623.7817,0.0738636363636364,0.0718232044198895,0.0862068965517242,0.0903954802259887,13,26,15,32,0.0824175824175824,0.0728291316526611,15,26,17.6343743332002,Elementary School
161,Mendez Elementary,2024-2025,13,3808.38636363636,2024,623.7817,0.0738636363636364,0.0718232044198895,0.0862068965517242,0.0903954802259887,13,26,15,32,0.0824175824175824,0.0728291316526611,15,26,20.8406242119639,Elementary School
162,Mockingbird Elementary,2017-2018,75,1531.262,2017,5067.2882,0.0524861878453039,0.0391849529780564,0.0359116022099448,0.0307692307692308,19,25,13,20,0.032345013477089,0.0360902255639098,12,24,14.8008159472753,Elementary School
162,Mockingbird Elementary,2018-2019,85,1396.91635294118,2018,5067.2882,0.0524861878453039,0.0391849529780564,0.0359116022099448,0.0307692307692308,19,25,13,20,0.032345013477089,0.0360902255639098,12,24,16.7742580735787,Elementary School
162,Mockingbird Elementary,2019-2020,76,1759.69157894737,2019,5067.2882,0.0524861878453039,0.0391849529780564,0.0359116022099448,0.0307692307692308,19,25,13,20,0.032345013477089,0.0360902255639098,12,24,14.9981601599057,Elementary School
162,Mockingbird Elementary,2020-2021,18,2866.073125,2020,5067.2882,0.0524861878453039,0.0391849529780564,0.0359116022099448,0.0307692307692308,19,25,13,20,0.032345013477089,0.0360902255639098,12,24,3.55219582734607,Elementary School
162,Mockingbird Elementary,2021-2022,57,3586.48214285714,2021,5067.2882,0.0524861878453039,0.0391849529780564,0.0359116022099448,0.0307692307692308,19,25,13,20,0.032345013477089,0.0360902255639098,12,24,11.2486201199292,Elementary School
162,Mockingbird Elementary,2022-2023,59,4008.21903846154,2022,5067.2882,0.0524861878453039,0.0391849529780564,0.0359116022099448,0.0307692307692308,19,25,13,20,0.032345013477089,0.0360902255639098,12,24,11.6433085451899,Elementary School
162,Mockingbird Elementary,2023-2024,79,2837.76586666667,2023,5067.2882,0.0524861878453039,0.0391849529780564,0.0359116022099448,0.0307692307692308,19,25,13,20,0.032345013477089,0.0360902255639098,12,24,15.5901927977967,Elementary School
162,Mockingbird Elementary,2024-2025,84,2134.25974025974,2024,5067.2882,0.0524861878453039,0.0391849529780564,0.0359116022099448,0.0307692307692308,19,25,13,20,0.032345013477089,0.0360902255639098,12,24,16.5769138609483,Elementary School
163,Cedar Crest Elementary,2017-2018,157,1284.19044585987,2017,1146.5439,0.18716577540107,0.172701949860724,0.153333333333333,0.133333333333333,35,62,23,36,0.186567164179104,0.194244604316547,25,54,136.933265267906,Elementary School
163,Cedar Crest Elementary,2018-2019,177,1012.64723163842,2018,1146.5439,0.18716577540107,0.172701949860724,0.153333333333333,0.133333333333333,35,62,23,36,0.186567164179104,0.194244604316547,25,54,154.376993327512,Elementary School
163,Cedar Crest Elementary,2019-2020,114,906.93552631579,2019,1146.5439,0.18716577540107,0.172701949860724,0.153333333333333,0.133333333333333,35,62,23,36,0.186567164179104,0.194244604316547,25,54,99.4292499397537,Elementary School
163,Cedar Crest Elementary,2020-2021,76,1564.9565625,2020,1146.5439,0.18716577540107,0.172701949860724,0.153333333333333,0.133333333333333,35,62,23,36,0.186567164179104,0.194244604316547,25,54,66.2861666265025,Elementary School
163,Cedar Crest Elementary,2021-2022,136,2453.65622222222,2021,1146.5439,0.18716577540107,0.172701949860724,0.153333333333333,0.133333333333333,35,62,23,36,0.186567164179104,0.194244604316547,25,54,118.61735080532,Elementary School
163,Cedar Crest Elementary,2022-2023,131,3394.53330097087,2022,1146.5439,0.18716577540107,0.172701949860724,0.153333333333333,0.133333333333333,35,62,23,36,0.186567164179104,0.194244604316547,25,54,114.256418790419,Elementary School
163,Cedar Crest Elementary,2023-2024,148,3178.10317757009,2023,1146.5439,0.18716577540107,0.172701949860724,0.153333333333333,0.133333333333333,35,62,23,36,0.186567164179104,0.194244604316547,25,54,129.083587641084,Elementary School
163,Cedar Crest Elementary,2024-2025,95,3539.52657894737,2024,1146.5439,0.18716577540107,0.172701949860724,0.153333333333333,0.133333333333333,35,62,23,36,0.186567164179104,0.194244604316547,25,54,82.8577082831281,Elementary School
164,Jones Elementary,2017-2018,32,660.46625,2017,293.6978,0.0848484848484849,0.0727272727272727,0.0747126436781609,0.068421052631579,14,28,13,26,0.0894736842105263,0.0797872340425532,17,30,108.955531842595,Elementary School
164,Jones Elementary,2018-2019,39,1008.41948717949,2018,293.6978,0.0848484848484849,0.0727272727272727,0.0747126436781609,0.068421052631579,14,28,13,26,0.0894736842105263,0.0797872340425532,17,30,132.789554433162,Elementary School
164,Jones Elementary,2019-2020,49,1086.45632653061,2019,293.6978,0.0848484848484849,0.0727272727272727,0.0747126436781609,0.068421052631579,14,28,13,26,0.0894736842105263,0.0797872340425532,17,30,166.838158133973,Elementary School
164,Jones Elementary,2020-2021,18,2350.90909090909,2020,293.6978,0.0848484848484849,0.0727272727272727,0.0747126436781609,0.068421052631579,14,28,13,26,0.0894736842105263,0.0797872340425532,17,30,61.2874866614595,Elementary School
164,Jones Elementary,2021-2022,40,2793.68125,2021,293.6978,0.0848484848484849,0.0727272727272727,0.0747126436781609,0.068421052631579,14,28,13,26,0.0894736842105263,0.0797872340425532,17,30,136.194414803243,Elementary School
164,Jones Elementary,2022-2023,32,2735.02896551724,2022,293.6978,0.0848484848484849,0.0727272727272727,0.0747126436781609,0.068421052631579,14,28,13,26,0.0894736842105263,0.0797872340425532,17,30,108.955531842595,Elementary School
164,Jones Elementary,2023-2024,55,3569.23326530612,2023,293.6978,0.0848484848484849,0.0727272727272727,0.0747126436781609,0.068421052631579,14,28,13,26,0.0894736842105263,0.0797872340425532,17,30,187.26732035446,Elementary School
164,Jones Elementary,2024-2025,63,1908.57423728814,2024,293.6978,0.0848484848484849,0.0727272727272727,0.0747126436781609,0.068421052631579,14,28,13,26,0.0894736842105263,0.0797872340425532,17,30,214.506203315108,Elementary School
166,Kiest Elementary,2017-2018,28,1671.78464285714,2017,535.9868,0.0748898678414097,0.0701754385964912,0.079295154185022,0.0679824561403509,17,32,18,31,0.101769911504425,0.0769230769230769,23,37,52.2400924798894,Elementary School
166,Kiest Elementary,2018-2019,25,1786.6336,2018,535.9868,0.0748898678414097,0.0701754385964912,0.079295154185022,0.0679824561403509,17,32,18,31,0.101769911504425,0.0769230769230769,23,37,46.642939714187,Elementary School
166,Kiest Elementary,2019-2020,10,871.827,2019,535.9868,0.0748898678414097,0.0701754385964912,0.079295154185022,0.0679824561403509,17,32,18,31,0.101769911504425,0.0769230769230769,23,37,18.6571758856748,Elementary School
166,Kiest Elementary,2020-2021,9,2983.87125,2020,535.9868,0.0748898678414097,0.0701754385964912,0.079295154185022,0.0679824561403509,17,32,18,31,0.101769911504425,0.0769230769230769,23,37,16.7914582971073,Elementary School
166,Kiest Elementary,2021-2022,11,2076.67454545455,2021,535.9868,0.0748898678414097,0.0701754385964912,0.079295154185022,0.0679824561403509,17,32,18,31,0.101769911504425,0.0769230769230769,23,37,20.5228934742423,Elementary School
166,Kiest Elementary,2022-2023,16,1828.45,2022,535.9868,0.0748898678414097,0.0701754385964912,0.079295154185022,0.0679824561403509,17,32,18,31,0.101769911504425,0.0769230769230769,23,37,29.8514814170797,Elementary School
166,Kiest Elementary,2023-2024,24,3568.54333333333,2023,535.9868,0.0748898678414097,0.0701754385964912,0.079295154185022,0.0679824561403509,17,32,18,31,0.101769911504425,0.0769230769230769,23,37,44.7772221256195,Elementary School
166,Kiest Elementary,2024-2025,20,2617.05307692308,2024,535.9868,0.0748898678414097,0.0701754385964912,0.079295154185022,0.0679824561403509,17,32,18,31,0.101769911504425,0.0769230769230769,23,37,37.3143517713496,Elementary School
167,Kleberg Elementary,2017-2018,82,887.02756097561,2017,707.0237,0.0637119113573407,0.0763473053892216,0.0954907161803713,0.0932568149210904,23,51,36,65,0.0769230769230769,0.0816618911174785,28,57,115.979139030276,Elementary School
167,Kleberg Elementary,2018-2019,67,1181.49417910448,2018,707.0237,0.0637119113573407,0.0763473053892216,0.0954907161803713,0.0932568149210904,23,51,36,65,0.0769230769230769,0.0816618911174785,28,57,94.763442866201,Elementary School
167,Kleberg Elementary,2019-2020,43,1297.95255813953,2019,707.0237,0.0637119113573407,0.0763473053892216,0.0954907161803713,0.0932568149210904,23,51,36,65,0.0769230769230769,0.0816618911174785,28,57,60.8183290036812,Elementary School
167,Kleberg Elementary,2020-2021,11,1869.525,2020,707.0237,0.0637119113573407,0.0763473053892216,0.0954907161803713,0.0932568149210904,23,51,36,65,0.0769230769230769,0.0816618911174785,28,57,15.5581771869882,Elementary School
167,Kleberg Elementary,2021-2022,101,2742.74742574257,2021,707.0237,0.0637119113573407,0.0763473053892216,0.0954907161803713,0.0932568149210904,23,51,36,65,0.0769230769230769,0.0816618911174785,28,57,142.852354171437,Elementary School
167,Kleberg Elementary,2022-2023,110,2988.0095959596,2022,707.0237,0.0637119113573407,0.0763473053892216,0.0954907161803713,0.0932568149210904,23,51,36,65,0.0769230769230769,0.0816618911174785,28,57,155.581771869882,Elementary School
167,Kleberg Elementary,2023-2024,81,3203.28,2023,707.0237,0.0637119113573407,0.0763473053892216,0.0954907161803713,0.0932568149210904,23,51,36,65,0.0769230769230769,0.0816618911174785,28,57,114.564759286004,Elementary School
167,Kleberg Elementary,2024-2025,85,1909.46553846154,2024,707.0237,0.0637119113573407,0.0763473053892216,0.0954907161803713,0.0932568149210904,23,51,36,65,0.0769230769230769,0.0816618911174785,28,57,120.222278263091,Elementary School
168,Knight Elementary,2017-2018,60,795.268,2017,1358.4678,0.106870229007634,0.0859375,0.0703125,0.0676691729323308,14,22,9,18,0.0625,0.0543478260869565,9,15,44.1674068387929,Elementary School
168,Knight Elementary,2018-2019,25,1176.1408,2018,1358.4678,0.106870229007634,0.0859375,0.0703125,0.0676691729323308,14,22,9,18,0.0625,0.0543478260869565,9,15,18.4030861828304,Elementary School
168,Knight Elementary,2019-2020,35,1080.696,2019,1358.4678,0.106870229007634,0.0859375,0.0703125,0.0676691729323308,14,22,9,18,0.0625,0.0543478260869565,9,15,25.7643206559625,Elementary School
168,Knight Elementary,2020-2021,12,2225.92666666667,2020,1358.4678,0.106870229007634,0.0859375,0.0703125,0.0676691729323308,14,22,9,18,0.0625,0.0543478260869565,9,15,8.83348136775859,Elementary School
168,Knight Elementary,2021-2022,54,4470.93611111111,2021,1358.4678,0.106870229007634,0.0859375,0.0703125,0.0676691729323308,14,22,9,18,0.0625,0.0543478260869565,9,15,39.7506661549136,Elementary School
168,Knight Elementary,2022-2023,63,3707.36839285714,2022,1358.4678,0.106870229007634,0.0859375,0.0703125,0.0676691729323308,14,22,9,18,0.0625,0.0543478260869565,9,15,46.3757771807326,Elementary School
168,Knight Elementary,2023-2024,41,3887.64838709677,2023,1358.4678,0.106870229007634,0.0859375,0.0703125,0.0676691729323308,14,22,9,18,0.0625,0.0543478260869565,9,15,30.1810613398418,Elementary School
168,Knight Elementary,2024-2025,62,3948.69736842105,2024,1358.4678,0.106870229007634,0.0859375,0.0703125,0.0676691729323308,14,22,9,18,0.0625,0.0543478260869565,9,15,45.6396537334194,Elementary School
169,Kramer Elementary,2017-2018,111,1225.46918918919,2017,4897.1522,0.114093959731544,0.0876623376623377,0.112582781456954,0.101226993865031,17,27,17,33,0.0883977900552486,0.0826210826210826,16,29,22.6662344699027,Elementary School
169,Kramer Elementary,2018-2019,167,1314.36467065868,2018,4897.1522,0.114093959731544,0.0876623376623377,0.112582781456954,0.101226993865031,17,27,17,33,0.0883977900552486,0.0826210826210826,16,29,34.1014518601239,Elementary School
169,Kramer Elementary,2019-2020,105,1024.90866666667,2019,4897.1522,0.114093959731544,0.0876623376623377,0.112582781456954,0.101226993865031,17,27,17,33,0.0883977900552486,0.0826210826210826,16,29,21.4410326066648,Elementary School
169,Kramer Elementary,2020-2021,27,4035.4208,2020,4897.1522,0.114093959731544,0.0876623376623377,0.112582781456954,0.101226993865031,17,27,17,33,0.0883977900552486,0.0826210826210826,16,29,5.51340838457094,Elementary School
169,Kramer Elementary,2021-2022,172,2610.58244186047,2021,4897.1522,0.114093959731544,0.0876623376623377,0.112582781456954,0.101226993865031,17,27,17,33,0.0883977900552486,0.0826210826210826,16,29,35.1224534128223,Elementary School
169,Kramer Elementary,2022-2023,145,3324.74468085106,2022,4897.1522,0.114093959731544,0.0876623376623377,0.112582781456954,0.101226993865031,17,27,17,33,0.0883977900552486,0.0826210826210826,16,29,29.6090450282513,Elementary School
169,Kramer Elementary,2023-2024,91,2614.50682352941,2023,4897.1522,0.114093959731544,0.0876623376623377,0.112582781456954,0.101226993865031,17,27,17,33,0.0883977900552486,0.0826210826210826,16,29,18.5822282591095,Elementary School
169,Kramer Elementary,2024-2025,113,2498.32976744186,2024,4897.1522,0.114093959731544,0.0876623376623377,0.112582781456954,0.101226993865031,17,27,17,33,0.0883977900552486,0.0826210826210826,16,29,23.0746350909821,Elementary School
170,Lagow Elementary,2017-2018,37,1347.07594594595,2017,522.0847,0.0496894409937888,0.0757575757575758,0.0895522388059701,0.0647887323943662,8,25,18,23,0.0659340659340659,0.0696378830083566,12,25,70.8697266937721,Elementary School
170,Lagow Elementary,2018-2019,58,1010.08189655172,2018,522.0847,0.0496894409937888,0.0757575757575758,0.0895522388059701,0.0647887323943662,8,25,18,23,0.0659340659340659,0.0696378830083566,12,25,111.093085087535,Elementary School
170,Lagow Elementary,2019-2020,26,1381.11692307692,2019,522.0847,0.0496894409937888,0.0757575757575758,0.0895522388059701,0.0647887323943662,8,25,18,23,0.0659340659340659,0.0696378830083566,12,25,49.8003484875155,Elementary School
170,Lagow Elementary,2020-2021,18,2974.306,2020,522.0847,0.0496894409937888,0.0757575757575758,0.0895522388059701,0.0647887323943662,8,25,18,23,0.0659340659340659,0.0696378830083566,12,25,34.4771643375108,Elementary School
170,Lagow Elementary,2021-2022,39,2111.29868421053,2021,522.0847,0.0496894409937888,0.0757575757575758,0.0895522388059701,0.0647887323943662,8,25,18,23,0.0659340659340659,0.0696378830083566,12,25,74.7005227312733,Elementary School
170,Lagow Elementary,2022-2023,57,3207.36942307692,2022,522.0847,0.0496894409937888,0.0757575757575758,0.0895522388059701,0.0647887323943662,8,25,18,23,0.0659340659340659,0.0696378830083566,12,25,109.177687068784,Elementary School
170,Lagow Elementary,2023-2024,41,3560.0752631579,2023,522.0847,0.0496894409937888,0.0757575757575758,0.0895522388059701,0.0647887323943662,8,25,18,23,0.0659340659340659,0.0696378830083566,12,25,78.5313187687745,Elementary School
170,Lagow Elementary,2024-2025,37,3014.46121212121,2024,522.0847,0.0496894409937888,0.0757575757575758,0.0895522388059701,0.0647887323943662,8,25,18,23,0.0659340659340659,0.0696378830083566,12,25,70.8697266937721,Elementary School
171,Lakewood Elementary,2017-2018,26,1475.22192307692,2017,1850.8781,0.00522648083623693,0.00749063670411985,0.0189328743545611,0.0157068062827225,3,8,11,15,0.0091743119266055,0.00834202294056309,5,8,14.0473864810438,Elementary School
171,Lakewood Elementary,2018-2019,36,1723.13805555556,2018,1850.8781,0.00522648083623693,0.00749063670411985,0.0189328743545611,0.0157068062827225,3,8,11,15,0.0091743119266055,0.00834202294056309,5,8,19.4502274352914,Elementary School
171,Lakewood Elementary,2019-2020,20,1191.9925,2019,1850.8781,0.00522648083623693,0.00749063670411985,0.0189328743545611,0.0157068062827225,3,8,11,15,0.0091743119266055,0.00834202294056309,5,8,10.8056819084952,Elementary School
171,Lakewood Elementary,2020-2021,19,1389.55944444444,2020,1850.8781,0.00522648083623693,0.00749063670411985,0.0189328743545611,0.0157068062827225,3,8,11,15,0.0091743119266055,0.00834202294056309,5,8,10.2653978130705,Elementary School
171,Lakewood Elementary,2021-2022,59,2125.41966101695,2021,1850.8781,0.00522648083623693,0.00749063670411985,0.0189328743545611,0.0157068062827225,3,8,11,15,0.0091743119266055,0.00834202294056309,5,8,31.8767616300609,Elementary School
171,Lakewood Elementary,2022-2023,34,2359.8228125,2022,1850.8781,0.00522648083623693,0.00749063670411985,0.0189328743545611,0.0157068062827225,3,8,11,15,0.0091743119266055,0.00834202294056309,5,8,18.3696592444419,Elementary School
171,Lakewood Elementary,2023-2024,45,1498.93205128205,2023,1850.8781,0.00522648083623693,0.00749063670411985,0.0189328743545611,0.0157068062827225,3,8,11,15,0.0091743119266055,0.00834202294056309,5,8,24.3127842941142,Elementary School
171,Lakewood Elementary,2024-2025,54,1904.82538461538,2024,1850.8781,0.00522648083623693,0.00749063670411985,0.0189328743545611,0.0157068062827225,3,8,11,15,0.0091743119266055,0.00834202294056309,5,8,29.1753411529371,Elementary School
172,Brashear Elementary,2017-2018,30,1045.32833333333,2017,1052.3681,0.03584229390681,0.0386847195357834,0.0427046263345196,0.0358490566037736,10,20,12,19,0.0510948905109489,0.043956043956044,14,24,28.507135478546,Elementary School
172,Brashear Elementary,2018-2019,17,1108.94117647059,2018,1052.3681,0.03584229390681,0.0386847195357834,0.0427046263345196,0.0358490566037736,10,20,12,19,0.0510948905109489,0.043956043956044,14,24,16.1540434378427,Elementary School
172,Brashear Elementary,2019-2020,10,857.441,2019,1052.3681,0.03584229390681,0.0386847195357834,0.0427046263345196,0.0358490566037736,10,20,12,19,0.0510948905109489,0.043956043956044,14,24,9.50237849284865,Elementary School
172,Brashear Elementary,2020-2021,9,2867.95444444444,2020,1052.3681,0.03584229390681,0.0386847195357834,0.0427046263345196,0.0358490566037736,10,20,12,19,0.0510948905109489,0.043956043956044,14,24,8.55214064356379,Elementary School
172,Brashear Elementary,2021-2022,15,2312.31,2021,1052.3681,0.03584229390681,0.0386847195357834,0.0427046263345196,0.0358490566037736,10,20,12,19,0.0510948905109489,0.043956043956044,14,24,14.253567739273,Elementary School
172,Brashear Elementary,2022-2023,22,3683.05523809524,2022,1052.3681,0.03584229390681,0.0386847195357834,0.0427046263345196,0.0358490566037736,10,20,12,19,0.0510948905109489,0.043956043956044,14,24,20.905232684267,Elementary School
172,Brashear Elementary,2023-2024,18,4191.676,2023,1052.3681,0.03584229390681,0.0386847195357834,0.0427046263345196,0.0358490566037736,10,20,12,19,0.0510948905109489,0.043956043956044,14,24,17.1042812871276,Elementary School
172,Brashear Elementary,2024-2025,30,3226.62047619048,2024,1052.3681,0.03584229390681,0.0386847195357834,0.0427046263345196,0.0358490566037736,10,20,12,19,0.0510948905109489,0.043956043956044,14,24,28.507135478546,Elementary School
173,Moroles Elementary,2017-2018,82,1171.81792682927,2017,2652.3626,0.087248322147651,0.0654761904761905,0.0846153846153846,0.0644171779141104,13,22,11,21,0.037593984962406,0.0520231213872832,5,18,30.9158333027317,Elementary School
173,Moroles Elementary,2018-2019,106,1264.00330188679,2018,2652.3626,0.087248322147651,0.0654761904761905,0.0846153846153846,0.0644171779141104,13,22,11,21,0.037593984962406,0.0520231213872832,5,18,39.964369879141,Elementary School
173,Moroles Elementary,2019-2020,130,1424.15392307692,2019,2652.3626,0.087248322147651,0.0654761904761905,0.0846153846153846,0.0644171779141104,13,22,11,21,0.037593984962406,0.0520231213872832,5,18,49.0129064555502,Elementary School
173,Moroles Elementary,2020-2021,77,2292.2159375,2020,2652.3626,0.087248322147651,0.0654761904761905,0.0846153846153846,0.0644171779141104,13,22,11,21,0.037593984962406,0.0520231213872832,5,18,29.0307215159798,Elementary School
173,Moroles Elementary,2021-2022,171,3790.58520467836,2021,2652.3626,0.087248322147651,0.0654761904761905,0.0846153846153846,0.0644171779141104,13,22,11,21,0.037593984962406,0.0520231213872832,5,18,64.4708231069161,Elementary School
173,Moroles Elementary,2022-2023,193,4706.88710227273,2022,2652.3626,0.087248322147651,0.0654761904761905,0.0846153846153846,0.0644171779141104,13,22,11,21,0.037593984962406,0.0520231213872832,5,18,72.7653149686246,Elementary School
173,Moroles Elementary,2023-2024,332,3073.01233962264,2023,2652.3626,0.087248322147651,0.0654761904761905,0.0846153846153846,0.0644171779141104,13,22,11,21,0.037593984962406,0.0520231213872832,5,18,125.171422640328,Elementary School
173,Moroles Elementary,2024-2025,267,2477.16521276596,2024,2652.3626,0.087248322147651,0.0654761904761905,0.0846153846153846,0.0644171779141104,13,22,11,21,0.037593984962406,0.0520231213872832,5,18,100.664969412553,Elementary School
174,Geneva Heights Elementary,2017-2018,59,1485.63169491525,2017,3529.2924,0.0748299319727891,0.06,0.149350649350649,0.12,11,18,23,30,0.0786516853932584,0.0953947368421053,14,29,16.7172320434544,Elementary School
174,Geneva Heights Elementary,2018-2019,70,1955.675,2018,3529.2924,0.0748299319727891,0.06,0.149350649350649,0.12,11,18,23,30,0.0786516853932584,0.0953947368421053,14,29,19.8340041193527,Elementary School
174,Geneva Heights Elementary,2019-2020,44,1343.51545454545,2019,3529.2924,0.0748299319727891,0.06,0.149350649350649,0.12,11,18,23,30,0.0786516853932584,0.0953947368421053,14,29,12.4670883035931,Elementary School
174,Geneva Heights Elementary,2020-2021,34,2819.3237037037,2020,3529.2924,0.0748299319727891,0.06,0.149350649350649,0.12,11,18,23,30,0.0786516853932584,0.0953947368421053,14,29,9.63365914368557,Elementary School
174,Geneva Heights Elementary,2021-2022,50,3434.7106,2021,3529.2924,0.0748299319727891,0.06,0.149350649350649,0.12,11,18,23,30,0.0786516853932584,0.0953947368421053,14,29,14.1671457995376,Elementary School
174,Geneva Heights Elementary,2022-2023,55,5370.86023809524,2022,3529.2924,0.0748299319727891,0.06,0.149350649350649,0.12,11,18,23,30,0.0786516853932584,0.0953947368421053,14,29,15.5838603794914,Elementary School
174,Geneva Heights Elementary,2023-2024,55,3105.62222222222,2023,3529.2924,0.0748299319727891,0.06,0.149350649350649,0.12,11,18,23,30,0.0786516853932584,0.0953947368421053,14,29,15.5838603794914,Elementary School
174,Geneva Heights Elementary,2024-2025,52,2870.24136363636,2024,3529.2924,0.0748299319727891,0.06,0.149350649350649,0.12,11,18,23,30,0.0786516853932584,0.0953947368421053,14,29,14.7338316315191,Elementary School
175,Umphrey Lee Elementary,2017-2018,137,823.727299270073,2017,1504.1018,0.171875,0.163636363636364,0.184210526315789,0.183206106870229,33,63,35,72,0.148809523809524,0.127906976744186,25,44,91.0842603871626,Elementary School
175,Umphrey Lee Elementary,2018-2019,225,993.556888888889,2018,1504.1018,0.171875,0.163636363636364,0.184210526315789,0.183206106870229,33,63,35,72,0.148809523809524,0.127906976744186,25,44,149.590938592055,Elementary School
175,Umphrey Lee Elementary,2019-2020,330,1342.39121212121,2019,1504.1018,0.171875,0.163636363636364,0.184210526315789,0.183206106870229,33,63,35,72,0.148809523809524,0.127906976744186,25,44,219.400043268348,Elementary School
175,Umphrey Lee Elementary,2020-2021,92,2986.60590909091,2020,1504.1018,0.171875,0.163636363636364,0.184210526315789,0.183206106870229,33,63,35,72,0.148809523809524,0.127906976744186,25,44,61.1660726687515,Elementary School
175,Umphrey Lee Elementary,2021-2022,222,3449.14585585586,2021,1504.1018,0.171875,0.163636363636364,0.184210526315789,0.183206106870229,33,63,35,72,0.148809523809524,0.127906976744186,25,44,147.596392744161,Elementary School
175,Umphrey Lee Elementary,2022-2023,193,5125.184,2022,1504.1018,0.171875,0.163636363636364,0.184210526315789,0.183206106870229,33,63,35,72,0.148809523809524,0.127906976744186,25,44,128.315782881185,Elementary School
175,Umphrey Lee Elementary,2023-2024,171,5304.2366875,2023,1504.1018,0.171875,0.163636363636364,0.184210526315789,0.183206106870229,33,63,35,72,0.148809523809524,0.127906976744186,25,44,113.689113329962,Elementary School
175,Umphrey Lee Elementary,2024-2025,84,4928.70075,2024,1504.1018,0.171875,0.163636363636364,0.184210526315789,0.183206106870229,33,63,35,72,0.148809523809524,0.127906976744186,25,44,55.847283741034,Elementary School
176,Lowe Sr Elementary,2017-2018,82,639.777804878049,2017,1294.7603,0.0855855855855856,0.075,0.108786610878661,0.116379310344828,19,33,26,54,0.128,0.115546218487395,32,55,63.332185887998,Elementary School
176,Lowe Sr Elementary,2018-2019,85,699.091764705882,2018,1294.7603,0.0855855855855856,0.075,0.108786610878661,0.116379310344828,19,33,26,54,0.128,0.115546218487395,32,55,65.6492170790223,Elementary School
176,Lowe Sr Elementary,2019-2020,92,723.956304347826,2019,1294.7603,0.0855855855855856,0.075,0.108786610878661,0.116379310344828,19,33,26,54,0.128,0.115546218487395,32,55,71.0556231914123,Elementary School
176,Lowe Sr Elementary,2020-2021,86,1808.72362318841,2020,1294.7603,0.0855855855855856,0.075,0.108786610878661,0.116379310344828,19,33,26,54,0.128,0.115546218487395,32,55,66.4215608093637,Elementary School
176,Lowe Sr Elementary,2021-2022,72,1858.05611111111,2021,1294.7603,0.0855855855855856,0.075,0.108786610878661,0.116379310344828,19,33,26,54,0.128,0.115546218487395,32,55,55.6087485845836,Elementary School
176,Lowe Sr Elementary,2022-2023,86,2286.77743902439,2022,1294.7603,0.0855855855855856,0.075,0.108786610878661,0.116379310344828,19,33,26,54,0.128,0.115546218487395,32,55,66.4215608093637,Elementary School
176,Lowe Sr Elementary,2023-2024,78,2378.23569230769,2023,1294.7603,0.0855855855855856,0.075,0.108786610878661,0.116379310344828,19,33,26,54,0.128,0.115546218487395,32,55,60.2428109666322,Elementary School
176,Lowe Sr Elementary,2024-2025,82,1419.57964285714,2024,1294.7603,0.0855855855855856,0.075,0.108786610878661,0.116379310344828,19,33,26,54,0.128,0.115546218487395,32,55,63.332185887998,Elementary School
177,Lipscomb Elementary,2017-2018,231,1059.21922077922,2017,2198.2681,0.0822784810126582,0.0879478827361564,0.0509554140127389,0.0474683544303798,13,27,8,15,0.0655737704918033,0.0619469026548673,12,21,105.082723986214,Elementary School
177,Lipscomb Elementary,2018-2019,167,1123.23335329341,2018,2198.2681,0.0822784810126582,0.0879478827361564,0.0509554140127389,0.0474683544303798,13,27,8,15,0.0655737704918033,0.0619469026548673,12,21,75.9688956956615,Elementary School
177,Lipscomb Elementary,2019-2020,135,1053.70911111111,2019,2198.2681,0.0822784810126582,0.0879478827361564,0.0509554140127389,0.0474683544303798,13,27,8,15,0.0655737704918033,0.0619469026548673,12,21,61.4119815503851,Elementary School
177,Lipscomb Elementary,2020-2021,120,2481.19377358491,2020,2198.2681,0.0822784810126582,0.0879478827361564,0.0509554140127389,0.0474683544303798,13,27,8,15,0.0655737704918033,0.0619469026548673,12,21,54.5884280447867,Elementary School
177,Lipscomb Elementary,2021-2022,178,3244.91033707865,2021,2198.2681,0.0822784810126582,0.0879478827361564,0.0509554140127389,0.0474683544303798,13,27,8,15,0.0655737704918033,0.0619469026548673,12,21,80.9728349331003,Elementary School
177,Lipscomb Elementary,2022-2023,185,4078.94847058824,2022,2198.2681,0.0822784810126582,0.0879478827361564,0.0509554140127389,0.0474683544303798,13,27,8,15,0.0655737704918033,0.0619469026548673,12,21,84.1571599023795,Elementary School
177,Lipscomb Elementary,2023-2024,158,3921.3393442623,2023,2198.2681,0.0822784810126582,0.0879478827361564,0.0509554140127389,0.0474683544303798,13,27,8,15,0.0655737704918033,0.0619469026548673,12,21,71.8747635923025,Elementary School
177,Lipscomb Elementary,2024-2025,157,2642.93817518248,2024,2198.2681,0.0822784810126582,0.0879478827361564,0.0509554140127389,0.0474683544303798,13,27,8,15,0.0655737704918033,0.0619469026548673,12,21,71.4198600252626,Elementary School
178,Holland at Lisbon Elementary,2017-2018,43,1625.46511627907,2017,574.5696,0.107594936708861,0.0841750841750842,0.0941176470588235,0.0939597315436242,17,25,16,28,0.0670731707317073,0.086687306501548,11,28,74.8386270349145,Elementary School
178,Holland at Lisbon Elementary,2018-2019,78,1829.68820512821,2018,574.5696,0.107594936708861,0.0841750841750842,0.0941176470588235,0.0939597315436242,17,25,16,28,0.0670731707317073,0.086687306501548,11,28,135.753788574961,Elementary School
178,Holland at Lisbon Elementary,2019-2020,35,2556.61342857143,2019,574.5696,0.107594936708861,0.0841750841750842,0.0941176470588235,0.0939597315436242,17,25,16,28,0.0670731707317073,0.086687306501548,11,28,60.9151615400467,Elementary School
178,Holland at Lisbon Elementary,2020-2021,20,1276.05263157895,2020,574.5696,0.107594936708861,0.0841750841750842,0.0941176470588235,0.0939597315436242,17,25,16,28,0.0670731707317073,0.086687306501548,11,28,34.8086637371695,Elementary School
178,Holland at Lisbon Elementary,2021-2022,42,3462.00738095238,2021,574.5696,0.107594936708861,0.0841750841750842,0.0941176470588235,0.0939597315436242,17,25,16,28,0.0670731707317073,0.086687306501548,11,28,73.098193848056,Elementary School
178,Holland at Lisbon Elementary,2022-2023,79,2749.46821917808,2022,574.5696,0.107594936708861,0.0841750841750842,0.0941176470588235,0.0939597315436242,17,25,16,28,0.0670731707317073,0.086687306501548,11,28,137.49422176182,Elementary School
178,Holland at Lisbon Elementary,2023-2024,45,42482.153902439,2023,574.5696,0.107594936708861,0.0841750841750842,0.0941176470588235,0.0939597315436242,17,25,16,28,0.0670731707317073,0.086687306501548,11,28,78.3194934086314,Elementary School
178,Holland at Lisbon Elementary,2024-2025,74,3477.57569230769,2024,574.5696,0.107594936708861,0.0841750841750842,0.0941176470588235,0.0939597315436242,17,25,16,28,0.0670731707317073,0.086687306501548,11,28,128.792055827527,Elementary School
180,Macon Elementary,2017-2018,9,1227,2017,334.2467,0.0450450450450451,0.0446009389671362,0.0639269406392694,0.0491803278688525,10,19,14,21,0.0363636363636364,0.0376470588235294,8,16,26.9262194660411,Elementary School
180,Macon Elementary,2018-2019,10,843.3,2018,334.2467,0.0450450450450451,0.0446009389671362,0.0639269406392694,0.0491803278688525,10,19,14,21,0.0363636363636364,0.0376470588235294,8,16,29.9180216289346,Elementary School
180,Macon Elementary,2019-2020,7,1797.03428571429,2019,334.2467,0.0450450450450451,0.0446009389671362,0.0639269406392694,0.0491803278688525,10,19,14,21,0.0363636363636364,0.0376470588235294,8,16,20.9426151402542,Elementary School
180,Macon Elementary,2020-2021,4,1055.25,2020,334.2467,0.0450450450450451,0.0446009389671362,0.0639269406392694,0.0491803278688525,10,19,14,21,0.0363636363636364,0.0376470588235294,8,16,11.9672086515738,Elementary School
180,Macon Elementary,2021-2022,5,3106.014,2021,334.2467,0.0450450450450451,0.0446009389671362,0.0639269406392694,0.0491803278688525,10,19,14,21,0.0363636363636364,0.0376470588235294,8,16,14.9590108144673,Elementary School
180,Macon Elementary,2022-2023,9,3479.77285714286,2022,334.2467,0.0450450450450451,0.0446009389671362,0.0639269406392694,0.0491803278688525,10,19,14,21,0.0363636363636364,0.0376470588235294,8,16,26.9262194660411,Elementary School
180,Macon Elementary,2023-2024,12,4153.26222222222,2023,334.2467,0.0450450450450451,0.0446009389671362,0.0639269406392694,0.0491803278688525,10,19,14,21,0.0363636363636364,0.0376470588235294,8,16,35.9016259547215,Elementary School
180,Macon Elementary,2024-2025,9,4441,2024,334.2467,0.0450450450450451,0.0446009389671362,0.0639269406392694,0.0491803278688525,10,19,14,21,0.0363636363636364,0.0376470588235294,8,16,26.9262194660411,Elementary School
181,Maple Lawn Elementary,2017-2018,370,1384.95994594595,2017,10267.3488,0.213675213675214,0.197396963123644,0.187214611872146,0.196902654867257,50,91,41,89,0.257936507936508,0.243243243243243,65,117,36.0365667133077,Elementary School
181,Maple Lawn Elementary,2018-2019,347,1299.57991354467,2018,10267.3488,0.213675213675214,0.197396963123644,0.187214611872146,0.196902654867257,50,91,41,89,0.257936507936508,0.243243243243243,65,117,33.7964558095075,Elementary School
181,Maple Lawn Elementary,2019-2020,371,1255.08253369272,2019,10267.3488,0.213675213675214,0.197396963123644,0.187214611872146,0.196902654867257,50,91,41,89,0.257936507936508,0.243243243243243,65,117,36.1339628395599,Elementary School
181,Maple Lawn Elementary,2020-2021,186,2761.93017964072,2020,10267.3488,0.213675213675214,0.197396963123644,0.187214611872146,0.196902654867257,50,91,41,89,0.257936507936508,0.243243243243243,65,117,18.115679482906,Elementary School
181,Maple Lawn Elementary,2021-2022,369,3446.50614130435,2021,10267.3488,0.213675213675214,0.197396963123644,0.187214611872146,0.196902654867257,50,91,41,89,0.257936507936508,0.243243243243243,65,117,35.9391705870555,Elementary School
181,Maple Lawn Elementary,2022-2023,541,4471.74360323887,2022,10267.3488,0.213675213675214,0.197396963123644,0.187214611872146,0.196902654867257,50,91,41,89,0.257936507936508,0.243243243243243,65,117,52.691304302431,Elementary School
181,Maple Lawn Elementary,2023-2024,667,3926.6420754717,2023,10267.3488,0.213675213675214,0.197396963123644,0.187214611872146,0.196902654867257,50,91,41,89,0.257936507936508,0.243243243243243,65,117,64.9632162102061,Elementary School
181,Maple Lawn Elementary,2024-2025,640,3202.68018480493,2024,10267.3488,0.213675213675214,0.197396963123644,0.187214611872146,0.196902654867257,50,91,41,89,0.257936507936508,0.243243243243243,65,117,62.3335208013972,Elementary School
182,Marcus Elementary,2017-2018,19,1103.91578947368,2017,1146.3529,0.114695340501792,0.124149659863946,0.0851063829787234,0.0854092526690392,32,73,24,48,0.0716723549488055,0.0755711775043937,21,43,16.5743027299883,Elementary School
182,Marcus Elementary,2018-2019,13,986.671538461539,2018,1146.3529,0.114695340501792,0.124149659863946,0.0851063829787234,0.0854092526690392,32,73,24,48,0.0716723549488055,0.0755711775043937,21,43,11.3403123942025,Elementary School
182,Marcus Elementary,2019-2020,33,917.676666666667,2019,1146.3529,0.114695340501792,0.124149659863946,0.0851063829787234,0.0854092526690392,32,73,24,48,0.0716723549488055,0.0755711775043937,21,43,28.7869468468218,Elementary School
182,Marcus Elementary,2020-2021,20,2575.9825,2020,1146.3529,0.114695340501792,0.124149659863946,0.0851063829787234,0.0854092526690392,32,73,24,48,0.0716723549488055,0.0755711775043937,21,43,17.4466344526193,Elementary School
182,Marcus Elementary,2021-2022,51,2973.01431372549,2021,1146.3529,0.114695340501792,0.124149659863946,0.0851063829787234,0.0854092526690392,32,73,24,48,0.0716723549488055,0.0755711775043937,21,43,44.4889178541791,Elementary School
182,Marcus Elementary,2022-2023,18,2856.61363636364,2022,1146.3529,0.114695340501792,0.124149659863946,0.0851063829787234,0.0854092526690392,32,73,24,48,0.0716723549488055,0.0755711775043937,21,43,15.7019710073573,Elementary School
182,Marcus Elementary,2023-2024,22,1908.87,2023,1146.3529,0.114695340501792,0.124149659863946,0.0851063829787234,0.0854092526690392,32,73,24,48,0.0716723549488055,0.0755711775043937,21,43,19.1912978978812,Elementary School
182,Marcus Elementary,2024-2025,32,2374.32928571429,2024,1146.3529,0.114695340501792,0.124149659863946,0.0851063829787234,0.0854092526690392,32,73,24,48,0.0716723549488055,0.0755711775043937,21,43,27.9146151241908,Elementary School
183,Marsalis Elementary,2017-2018,123,1515.25804878049,2017,637.4537,0.0974358974358974,0.0887573964497041,0.139175257731959,0.131506849315068,19,30,27,48,0.0710659898477157,0.078740157480315,14,30,192.955190314214,Elementary School
183,Marsalis Elementary,2018-2019,99,1299.18787878788,2018,637.4537,0.0974358974358974,0.0887573964497041,0.139175257731959,0.131506849315068,19,30,27,48,0.0710659898477157,0.078740157480315,14,30,155.305397082172,Elementary School
183,Marsalis Elementary,2019-2020,91,1395.52186813187,2019,637.4537,0.0974358974358974,0.0887573964497041,0.139175257731959,0.131506849315068,19,30,27,48,0.0710659898477157,0.078740157480315,14,30,142.755466004825,Elementary School
183,Marsalis Elementary,2020-2021,41,1801.67,2020,637.4537,0.0974358974358974,0.0887573964497041,0.139175257731959,0.131506849315068,19,30,27,48,0.0710659898477157,0.078740157480315,14,30,64.3183967714047,Elementary School
183,Marsalis Elementary,2021-2022,77,2999.2774025974,2021,637.4537,0.0974358974358974,0.0887573964497041,0.139175257731959,0.131506849315068,19,30,27,48,0.0710659898477157,0.078740157480315,14,30,120.793086619467,Elementary School
183,Marsalis Elementary,2022-2023,90,3160.74240963855,2022,637.4537,0.0974358974358974,0.0887573964497041,0.139175257731959,0.131506849315068,19,30,27,48,0.0710659898477157,0.078740157480315,14,30,141.186724620157,Elementary School
183,Marsalis Elementary,2023-2024,107,2299.01340425532,2023,637.4537,0.0974358974358974,0.0887573964497041,0.139175257731959,0.131506849315068,19,30,27,48,0.0710659898477157,0.078740157480315,14,30,167.85532815952,Elementary School
183,Marsalis Elementary,2024-2025,97,2192.6136,2024,637.4537,0.0974358974358974,0.0887573964497041,0.139175257731959,0.131506849315068,19,30,27,48,0.0710659898477157,0.078740157480315,14,30,152.167914312836,Elementary School
184,Milam Elementary,2017-2018,685,1980.39164963504,2017,23131.386,0.185714285714286,0.159533073929961,0.150943396226415,0.140684410646388,26,41,24,37,0.202898550724638,0.183823529411765,28,50,29.6134438290901,Elementary School
184,Milam Elementary,2018-2019,812,1744.43001231527,2018,23131.386,0.185714285714286,0.159533073929961,0.150943396226415,0.140684410646388,26,41,24,37,0.202898550724638,0.183823529411765,28,50,35.1038195463082,Elementary School
184,Milam Elementary,2019-2020,814,1280.5392997543,2019,23131.386,0.185714285714286,0.159533073929961,0.150943396226415,0.140684410646388,26,41,24,37,0.202898550724638,0.183823529411765,28,50,35.1902821560282,Elementary School
184,Milam Elementary,2020-2021,372,4077.88443037975,2020,23131.386,0.185714285714286,0.159533073929961,0.150943396226415,0.140684410646388,26,41,24,37,0.202898550724638,0.183823529411765,28,50,16.0820454079146,Elementary School
184,Milam Elementary,2021-2022,885,3921.38517553794,2021,23131.386,0.185714285714286,0.159533073929961,0.150943396226415,0.140684410646388,26,41,24,37,0.202898550724638,0.183823529411765,28,50,38.2597048010872,Elementary School
184,Milam Elementary,2022-2023,1020,4808.82072239422,2022,23131.386,0.185714285714286,0.159533073929961,0.150943396226415,0.140684410646388,26,41,24,37,0.202898550724638,0.183823529411765,28,50,44.0959309571852,Elementary School
184,Milam Elementary,2023-2024,1203,3184.8296852518,2023,23131.386,0.185714285714286,0.159533073929961,0.150943396226415,0.140684410646388,26,41,24,37,0.202898550724638,0.183823529411765,28,50,52.0072597465625,Elementary School
184,Milam Elementary,2024-2025,880,3246.11059308073,2024,23131.386,0.185714285714286,0.159533073929961,0.150943396226415,0.140684410646388,26,41,24,37,0.202898550724638,0.183823529411765,28,50,38.0435482767872,Elementary School
185,Miller Elementary,2017-2018,47,1634.95744680851,2017,960.8624,0.185185185185185,0.142857142857143,0.144329896907216,0.1,20,31,14,19,0.058252427184466,0.0704225352112676,6,15,48.9143919046057,Elementary School
185,Miller Elementary,2018-2019,53,1707.56603773585,2018,960.8624,0.185185185185185,0.142857142857143,0.144329896907216,0.1,20,31,14,19,0.058252427184466,0.0704225352112676,6,15,55.1587823605128,Elementary School
185,Miller Elementary,2019-2020,32,1281.1875,2019,960.8624,0.185185185185185,0.142857142857143,0.144329896907216,0.1,20,31,14,19,0.058252427184466,0.0704225352112676,6,15,33.3034157648379,Elementary School
185,Miller Elementary,2020-2021,32,1982.44535714286,2020,960.8624,0.185185185185185,0.142857142857143,0.144329896907216,0.1,20,31,14,19,0.058252427184466,0.0704225352112676,6,15,33.3034157648379,Elementary School
185,Miller Elementary,2021-2022,43,1885.07162790698,2021,960.8624,0.185185185185185,0.142857142857143,0.144329896907216,0.1,20,31,14,19,0.058252427184466,0.0704225352112676,6,15,44.751464934001,Elementary School
185,Miller Elementary,2022-2023,39,4284.03928571429,2022,960.8624,0.185185185185185,0.142857142857143,0.144329896907216,0.1,20,31,14,19,0.058252427184466,0.0704225352112676,6,15,40.5885379633962,Elementary School
185,Miller Elementary,2023-2024,54,2896.11363636364,2023,960.8624,0.185185185185185,0.142857142857143,0.144329896907216,0.1,20,31,14,19,0.058252427184466,0.0704225352112676,6,15,56.199514103164,Elementary School
185,Miller Elementary,2024-2025,51,3815.61928571429,2024,960.8624,0.185185185185185,0.142857142857143,0.144329896907216,0.1,20,31,14,19,0.058252427184466,0.0704225352112676,6,15,53.0773188752104,Elementary School
187,Moseley Elementary,2017-2018,26,1253.85730769231,2017,612.6389,0.0597609561752988,0.0538922155688623,0.0683453237410072,0.0639853747714808,15,27,19,35,0.0503597122302158,0.050185873605948,14,27,42.4393553853665,Elementary School
187,Moseley Elementary,2018-2019,18,1267.465,2018,612.6389,0.0597609561752988,0.0538922155688623,0.0683453237410072,0.0639853747714808,15,27,19,35,0.0503597122302158,0.050185873605948,14,27,29.3810921898691,Elementary School
187,Moseley Elementary,2019-2020,22,725.181818181818,2019,612.6389,0.0597609561752988,0.0538922155688623,0.0683453237410072,0.0639853747714808,15,27,19,35,0.0503597122302158,0.050185873605948,14,27,35.9102237876178,Elementary School
187,Moseley Elementary,2020-2021,14,2123.06692307692,2020,612.6389,0.0597609561752988,0.0538922155688623,0.0683453237410072,0.0639853747714808,15,27,19,35,0.0503597122302158,0.050185873605948,14,27,22.8519605921204,Elementary School
187,Moseley Elementary,2021-2022,20,2674.257,2021,612.6389,0.0597609561752988,0.0538922155688623,0.0683453237410072,0.0639853747714808,15,27,19,35,0.0503597122302158,0.050185873605948,14,27,32.6456579887435,Elementary School
187,Moseley Elementary,2022-2023,15,1692.42,2022,612.6389,0.0597609561752988,0.0538922155688623,0.0683453237410072,0.0639853747714808,15,27,19,35,0.0503597122302158,0.050185873605948,14,27,24.4842434915576,Elementary School
187,Moseley Elementary,2023-2024,25,2934.453,2023,612.6389,0.0597609561752988,0.0538922155688623,0.0683453237410072,0.0639853747714808,15,27,19,35,0.0503597122302158,0.050185873605948,14,27,40.8070724859293,Elementary School
187,Moseley Elementary,2024-2025,26,5781.65375,2024,612.6389,0.0597609561752988,0.0538922155688623,0.0683453237410072,0.0639853747714808,15,27,19,35,0.0503597122302158,0.050185873605948,14,27,42.4393553853665,Elementary School
188,Mount Auburn Elementary,2017-2018,87,708.085977011494,2017,2064.1827,0.0723404255319149,0.0891304347826087,0.076555023923445,0.0763723150357995,17,41,16,32,0.102222222222222,0.0944700460829493,23,41,42.1474320078354,Elementary School
188,Mount Auburn Elementary,2018-2019,61,774.043114754098,2018,2064.1827,0.0723404255319149,0.0891304347826087,0.076555023923445,0.0763723150357995,17,41,16,32,0.102222222222222,0.0944700460829493,23,41,29.5516477296317,Elementary School
188,Mount Auburn Elementary,2019-2020,49,767.797551020408,2019,2064.1827,0.0723404255319149,0.0891304347826087,0.076555023923445,0.0763723150357995,17,41,16,32,0.102222222222222,0.0944700460829493,23,41,23.7382088319992,Elementary School
188,Mount Auburn Elementary,2020-2021,41,2627.45638888889,2020,2064.1827,0.0723404255319149,0.0891304347826087,0.076555023923445,0.0763723150357995,17,41,16,32,0.102222222222222,0.0944700460829493,23,41,19.8625829002443,Elementary School
188,Mount Auburn Elementary,2021-2022,82,2866.18731707317,2021,2064.1827,0.0723404255319149,0.0891304347826087,0.076555023923445,0.0763723150357995,17,41,16,32,0.102222222222222,0.0944700460829493,23,41,39.7251658004885,Elementary School
188,Mount Auburn Elementary,2022-2023,145,3105.18610687023,2022,2064.1827,0.0723404255319149,0.0891304347826087,0.076555023923445,0.0763723150357995,17,41,16,32,0.102222222222222,0.0944700460829493,23,41,70.2457200130589,Elementary School
188,Mount Auburn Elementary,2023-2024,143,3013.85350364964,2023,2064.1827,0.0723404255319149,0.0891304347826087,0.076555023923445,0.0763723150357995,17,41,16,32,0.102222222222222,0.0944700460829493,23,41,69.2768135301202,Elementary School
188,Mount Auburn Elementary,2024-2025,94,2288.315625,2024,2064.1827,0.0723404255319149,0.0891304347826087,0.076555023923445,0.0763723150357995,17,41,16,32,0.102222222222222,0.0944700460829493,23,41,45.538604698121,Elementary School
189,Oliver Elementary,2017-2018,153,1420.43405228758,2017,1966.5905,0.092436974789916,0.088785046728972,0.158415841584158,0.120418848167539,11,19,16,23,0.1,0.147540983606557,8,27,77.7996232565956,Elementary School
189,Oliver Elementary,2018-2019,100,1388.3869,2018,1966.5905,0.092436974789916,0.088785046728972,0.158415841584158,0.120418848167539,11,19,16,23,0.1,0.147540983606557,8,27,50.8494269650952,Elementary School
189,Oliver Elementary,2019-2020,73,1393.29863013699,2019,1966.5905,0.092436974789916,0.088785046728972,0.158415841584158,0.120418848167539,11,19,16,23,0.1,0.147540983606557,8,27,37.1200816845195,Elementary School
189,Oliver Elementary,2020-2021,40,2033.16742857143,2020,1966.5905,0.092436974789916,0.088785046728972,0.158415841584158,0.120418848167539,11,19,16,23,0.1,0.147540983606557,8,27,20.3397707860381,Elementary School
189,Oliver Elementary,2021-2022,95,2009.20894736842,2021,1966.5905,0.092436974789916,0.088785046728972,0.158415841584158,0.120418848167539,11,19,16,23,0.1,0.147540983606557,8,27,48.3069556168404,Elementary School
189,Oliver Elementary,2022-2023,142,3610.79573643411,2022,1966.5905,0.092436974789916,0.088785046728972,0.158415841584158,0.120418848167539,11,19,16,23,0.1,0.147540983606557,8,27,72.2061862904351,Elementary School
189,Oliver Elementary,2023-2024,125,3124.6452293578,2023,1966.5905,0.092436974789916,0.088785046728972,0.158415841584158,0.120418848167539,11,19,16,23,0.1,0.147540983606557,8,27,63.561783706369,Elementary School
189,Oliver Elementary,2024-2025,83,3340.30910447761,2024,1966.5905,0.092436974789916,0.088785046728972,0.158415841584158,0.120418848167539,11,19,16,23,0.1,0.147540983606557,8,27,42.205024381029,Elementary School
190,Peabody Elementary,2017-2018,12,1339.33333333333,2017,399.2419,0.0900900900900901,0.0657894736842105,0.0196078431372549,0.018348623853211,10,15,2,4,0.100719424460432,0.0909090909090909,14,25,30.0569654637953,Elementary School
190,Peabody Elementary,2018-2019,36,790.370833333333,2018,399.2419,0.0900900900900901,0.0657894736842105,0.0196078431372549,0.018348623853211,10,15,2,4,0.100719424460432,0.0909090909090909,14,25,90.1708963913858,Elementary School
190,Peabody Elementary,2019-2020,37,1098.25648648649,2019,399.2419,0.0900900900900901,0.0657894736842105,0.0196078431372549,0.018348623853211,10,15,2,4,0.100719424460432,0.0909090909090909,14,25,92.6756435133687,Elementary School
190,Peabody Elementary,2020-2021,13,2834.09538461539,2020,399.2419,0.0900900900900901,0.0657894736842105,0.0196078431372549,0.018348623853211,10,15,2,4,0.100719424460432,0.0909090909090909,14,25,32.5617125857782,Elementary School
190,Peabody Elementary,2021-2022,19,3824.13473684211,2021,399.2419,0.0900900900900901,0.0657894736842105,0.0196078431372549,0.018348623853211,10,15,2,4,0.100719424460432,0.0909090909090909,14,25,47.5901953176758,Elementary School
190,Peabody Elementary,2022-2023,7,5658.27,2022,399.2419,0.0900900900900901,0.0657894736842105,0.0196078431372549,0.018348623853211,10,15,2,4,0.100719424460432,0.0909090909090909,14,25,17.5332298538806,Elementary School
190,Peabody Elementary,2023-2024,10,1249,2023,399.2419,0.0900900900900901,0.0657894736842105,0.0196078431372549,0.018348623853211,10,15,2,4,0.100719424460432,0.0909090909090909,14,25,25.0474712198294,Elementary School
190,Peabody Elementary,2024-2025,12,3035.89777777778,2024,399.2419,0.0900900900900901,0.0657894736842105,0.0196078431372549,0.018348623853211,10,15,2,4,0.100719424460432,0.0909090909090909,14,25,30.0569654637953,Elementary School
192,Peeler Elementary,2017-2018,11,1134.09090909091,2017,187.9993,0.0642857142857143,0.0547945205479452,0.072992700729927,0.0760456273764259,9,16,10,20,0.0150375939849624,0.0276679841897233,2,7,58.5108561574431,Elementary School
192,Peeler Elementary,2018-2019,13,1923.65461538462,2018,187.9993,0.0642857142857143,0.0547945205479452,0.072992700729927,0.0760456273764259,9,16,10,20,0.0150375939849624,0.0276679841897233,2,7,69.1491936406146,Elementary School
192,Peeler Elementary,2019-2020,10,920.149,2019,187.9993,0.0642857142857143,0.0547945205479452,0.072992700729927,0.0760456273764259,9,16,10,20,0.0150375939849624,0.0276679841897233,2,7,53.1916874158574,Elementary School
192,Peeler Elementary,2020-2021,11,2081.625,2020,187.9993,0.0642857142857143,0.0547945205479452,0.072992700729927,0.0760456273764259,9,16,10,20,0.0150375939849624,0.0276679841897233,2,7,58.5108561574431,Elementary School
192,Peeler Elementary,2021-2022,13,1906.92307692308,2021,187.9993,0.0642857142857143,0.0547945205479452,0.072992700729927,0.0760456273764259,9,16,10,20,0.0150375939849624,0.0276679841897233,2,7,69.1491936406146,Elementary School
192,Peeler Elementary,2022-2023,4,2506.66666666667,2022,187.9993,0.0642857142857143,0.0547945205479452,0.072992700729927,0.0760456273764259,9,16,10,20,0.0150375939849624,0.0276679841897233,2,7,21.276674966343,Elementary School
192,Peeler Elementary,2023-2024,11,3642.77777777778,2023,187.9993,0.0642857142857143,0.0547945205479452,0.072992700729927,0.0760456273764259,9,16,10,20,0.0150375939849624,0.0276679841897233,2,7,58.5108561574431,Elementary School
192,Peeler Elementary,2024-2025,9,4932.75,2024,187.9993,0.0642857142857143,0.0547945205479452,0.072992700729927,0.0760456273764259,9,16,10,20,0.0150375939849624,0.0276679841897233,2,7,47.8725186742717,Elementary School
193,Pershing Elementary,2017-2018,188,940.098244680851,2017,1925.6562,0.121621621621622,0.104018912529551,0.125,0.125307125307125,27,44,25,51,0.0903954802259887,0.0952380952380952,16,32,97.6290575648966,Elementary School
193,Pershing Elementary,2018-2019,191,1017.75816753927,2018,1925.6562,0.121621621621622,0.104018912529551,0.125,0.125307125307125,27,44,25,51,0.0903954802259887,0.0952380952380952,16,32,99.1869680579535,Elementary School
193,Pershing Elementary,2019-2020,161,987.602546583851,2019,1925.6562,0.121621621621622,0.104018912529551,0.125,0.125307125307125,27,44,25,51,0.0903954802259887,0.0952380952380952,16,32,83.6078631273849,Elementary School
193,Pershing Elementary,2020-2021,56,2335.774,2020,1925.6562,0.121621621621622,0.104018912529551,0.125,0.125307125307125,27,44,25,51,0.0903954802259887,0.0952380952380952,16,32,29.0809958703947,Elementary School
193,Pershing Elementary,2021-2022,185,1715.22897297297,2021,1925.6562,0.121621621621622,0.104018912529551,0.125,0.125307125307125,27,44,25,51,0.0903954802259887,0.0952380952380952,16,32,96.0711470718397,Elementary School
193,Pershing Elementary,2022-2023,136,1556.36417322835,2022,1925.6562,0.121621621621622,0.104018912529551,0.125,0.125307125307125,27,44,25,51,0.0903954802259887,0.0952380952380952,16,32,70.6252756852443,Elementary School
193,Pershing Elementary,2023-2024,117,1301.18330357143,2023,1925.6562,0.121621621621622,0.104018912529551,0.125,0.125307125307125,27,44,25,51,0.0903954802259887,0.0952380952380952,16,32,60.7585092292176,Elementary School
193,Pershing Elementary,2024-2025,168,1218.61641666667,2024,1925.6562,0.121621621621622,0.104018912529551,0.125,0.125307125307125,27,44,25,51,0.0903954802259887,0.0952380952380952,16,32,87.2429876111842,Elementary School
194,Polk Elementary,2017-2018,43,1106.5411627907,2017,2604.5351,0.108108108108108,0.0991379310344828,0.0654205607476636,0.072,12,23,7,18,0.131147540983607,0.109848484848485,16,29,16.5096642391189,Elementary School
194,Polk Elementary,2018-2019,78,1077.44256410256,2018,2604.5351,0.108108108108108,0.0991379310344828,0.0654205607476636,0.072,12,23,7,18,0.131147540983607,0.109848484848485,16,29,29.9477630384017,Elementary School
194,Polk Elementary,2019-2020,85,1024.59858823529,2019,2604.5351,0.108108108108108,0.0991379310344828,0.0654205607476636,0.072,12,23,7,18,0.131147540983607,0.109848484848485,16,29,32.6353827982583,Elementary School
194,Polk Elementary,2020-2021,26,2781.51130434783,2020,2604.5351,0.108108108108108,0.0991379310344828,0.0654205607476636,0.072,12,23,7,18,0.131147540983607,0.109848484848485,16,29,9.98258767946725,Elementary School
194,Polk Elementary,2021-2022,86,3156.16453488372,2021,2604.5351,0.108108108108108,0.0991379310344828,0.0654205607476636,0.072,12,23,7,18,0.131147540983607,0.109848484848485,16,29,33.0193284782378,Elementary School
194,Polk Elementary,2022-2023,78,4009.30402777778,2022,2604.5351,0.108108108108108,0.0991379310344828,0.0654205607476636,0.072,12,23,7,18,0.131147540983607,0.109848484848485,16,29,29.9477630384017,Elementary School
194,Polk Elementary,2023-2024,139,2980.9958490566,2023,2604.5351,0.108108108108108,0.0991379310344828,0.0654205607476636,0.072,12,23,7,18,0.131147540983607,0.109848484848485,16,29,53.3684495171518,Elementary School
194,Polk Elementary,2024-2025,78,2685.84346938776,2024,2604.5351,0.108108108108108,0.0991379310344828,0.0654205607476636,0.072,12,23,7,18,0.131147540983607,0.109848484848485,16,29,29.9477630384017,Elementary School
195,Preston Hollow Elementary,2017-2018,160,1248.2135625,2017,4251.5678,0.0606060606060606,0.0809968847352025,0.109195402298851,0.0888888888888889,10,26,19,28,0.08125,0.0838323353293413,13,28,37.6331761662133,Elementary School
195,Preston Hollow Elementary,2018-2019,211,1469.12379146919,2018,4251.5678,0.0606060606060606,0.0809968847352025,0.109195402298851,0.0888888888888889,10,26,19,28,0.08125,0.0838323353293413,13,28,49.6287510691938,Elementary School
195,Preston Hollow Elementary,2019-2020,162,1438.79388888889,2019,4251.5678,0.0606060606060606,0.0809968847352025,0.109195402298851,0.0888888888888889,10,26,19,28,0.08125,0.0838323353293413,13,28,38.103590868291,Elementary School
195,Preston Hollow Elementary,2020-2021,42,2873.33648648649,2020,4251.5678,0.0606060606060606,0.0809968847352025,0.109195402298851,0.0888888888888889,10,26,19,28,0.08125,0.0838323353293413,13,28,9.878708743631,Elementary School
195,Preston Hollow Elementary,2021-2022,91,3757.39978021978,2021,4251.5678,0.0606060606060606,0.0809968847352025,0.109195402298851,0.0888888888888889,10,26,19,28,0.08125,0.0838323353293413,13,28,21.4038689445338,Elementary School
195,Preston Hollow Elementary,2022-2023,76,3466.56625,2022,4251.5678,0.0606060606060606,0.0809968847352025,0.109195402298851,0.0888888888888889,10,26,19,28,0.08125,0.0838323353293413,13,28,17.8757586789513,Elementary School
195,Preston Hollow Elementary,2023-2024,148,2283.22645390071,2023,4251.5678,0.0606060606060606,0.0809968847352025,0.109195402298851,0.0888888888888889,10,26,19,28,0.08125,0.0838323353293413,13,28,34.8106879537473,Elementary School
195,Preston Hollow Elementary,2024-2025,124,2269.11697247706,2024,4251.5678,0.0606060606060606,0.0809968847352025,0.109195402298851,0.0888888888888889,10,26,19,28,0.08125,0.0838323353293413,13,28,29.1657115288153,Elementary School
197,Bishop Arts Elementary,2017-2018,19,756.801578947368,2017,392.8355,0.0227272727272727,0.0327272727272727,0.0234375,0.0347490347490348,3,9,3,9,0.0458715596330275,0.0347826086956522,5,8,48.3663009071227,Elementary School
197,Bishop Arts Elementary,2018-2019,16,1429.753125,2018,392.8355,0.0227272727272727,0.0327272727272727,0.0234375,0.0347490347490348,3,9,3,9,0.0458715596330275,0.0347826086956522,5,8,40.7295165533665,Elementary School
197,Bishop Arts Elementary,2019-2020,12,1221.25,2019,392.8355,0.0227272727272727,0.0327272727272727,0.0234375,0.0347490347490348,3,9,3,9,0.0458715596330275,0.0347826086956522,5,8,30.5471374150249,Elementary School
197,Bishop Arts Elementary,2020-2021,8,1307,2020,392.8355,0.0227272727272727,0.0327272727272727,0.0234375,0.0347490347490348,3,9,3,9,0.0458715596330275,0.0347826086956522,5,8,20.3647582766832,Elementary School
197,Bishop Arts Elementary,2021-2022,18,2243.60444444444,2021,392.8355,0.0227272727272727,0.0327272727272727,0.0234375,0.0347490347490348,3,9,3,9,0.0458715596330275,0.0347826086956522,5,8,45.8207061225373,Elementary School
197,Bishop Arts Elementary,2022-2023,29,3726.18913043478,2022,392.8355,0.0227272727272727,0.0327272727272727,0.0234375,0.0347490347490348,3,9,3,9,0.0458715596330275,0.0347826086956522,5,8,73.8222487529768,Elementary School
197,Bishop Arts Elementary,2023-2024,25,3461.9880952381,2023,392.8355,0.0227272727272727,0.0327272727272727,0.0234375,0.0347490347490348,3,9,3,9,0.0458715596330275,0.0347826086956522,5,8,63.6398696146351,Elementary School
197,Bishop Arts Elementary,2024-2025,28,1977.64545454545,2024,392.8355,0.0227272727272727,0.0327272727272727,0.0234375,0.0347490347490348,3,9,3,9,0.0458715596330275,0.0347826086956522,5,8,71.2766539683913,Elementary School
198,Reilly Elementary,2017-2018,160,988.7540625,2017,2089.586,0.0936170212765957,0.0889370932754881,0.103603603603604,0.0781990521327014,22,41,23,33,0.0639269406392694,0.0715883668903803,14,32,76.5701914159073,Elementary School
198,Reilly Elementary,2018-2019,96,1253.49270833333,2018,2089.586,0.0936170212765957,0.0889370932754881,0.103603603603604,0.0781990521327014,22,41,23,33,0.0639269406392694,0.0715883668903803,14,32,45.9421148495444,Elementary School
198,Reilly Elementary,2019-2020,79,1524.93481012658,2019,2089.586,0.0936170212765957,0.0889370932754881,0.103603603603604,0.0781990521327014,22,41,23,33,0.0639269406392694,0.0715883668903803,14,32,37.8065320116042,Elementary School
198,Reilly Elementary,2020-2021,62,1797.08431034483,2020,2089.586,0.0936170212765957,0.0889370932754881,0.103603603603604,0.0781990521327014,22,41,23,33,0.0639269406392694,0.0715883668903803,14,32,29.6709491736641,Elementary School
198,Reilly Elementary,2021-2022,184,4125.46097826087,2021,2089.586,0.0936170212765957,0.0889370932754881,0.103603603603604,0.0781990521327014,22,41,23,33,0.0639269406392694,0.0715883668903803,14,32,88.0557201282934,Elementary School
198,Reilly Elementary,2022-2023,139,2128.43444444444,2022,2089.586,0.0936170212765957,0.0889370932754881,0.103603603603604,0.0781990521327014,22,41,23,33,0.0639269406392694,0.0715883668903803,14,32,66.5203537925695,Elementary School
198,Reilly Elementary,2023-2024,68,2298.82666666667,2023,2089.586,0.0936170212765957,0.0889370932754881,0.103603603603604,0.0781990521327014,22,41,23,33,0.0639269406392694,0.0715883668903803,14,32,32.5423313517606,Elementary School
198,Reilly Elementary,2024-2025,39,1983.55392857143,2024,2089.586,0.0936170212765957,0.0889370932754881,0.103603603603604,0.0781990521327014,22,41,23,33,0.0639269406392694,0.0715883668903803,14,32,18.6639841576274,Elementary School
199,Reinhardt Elementary,2017-2018,68,1059.535,2017,1108.4133,0.054945054945055,0.0594594594594595,0.0561224489795918,0.0552631578947368,10,22,11,21,0.0510204081632653,0.0358056265984655,10,14,61.3489571083277,Elementary School
199,Reinhardt Elementary,2018-2019,44,1410.34727272727,2018,1108.4133,0.054945054945055,0.0594594594594595,0.0561224489795918,0.0552631578947368,10,22,11,21,0.0510204081632653,0.0358056265984655,10,14,39.6963840112709,Elementary School
199,Reinhardt Elementary,2019-2020,23,1426.24608695652,2019,1108.4133,0.054945054945055,0.0594594594594595,0.0561224489795918,0.0552631578947368,10,22,11,21,0.0510204081632653,0.0358056265984655,10,14,20.7503825513461,Elementary School
199,Reinhardt Elementary,2020-2021,20,794.709473684211,2020,1108.4133,0.054945054945055,0.0594594594594595,0.0561224489795918,0.0552631578947368,10,22,11,21,0.0510204081632653,0.0358056265984655,10,14,18.043810914214,Elementary School
199,Reinhardt Elementary,2021-2022,30,1629.61833333333,2021,1108.4133,0.054945054945055,0.0594594594594595,0.0561224489795918,0.0552631578947368,10,22,11,21,0.0510204081632653,0.0358056265984655,10,14,27.0657163713211,Elementary School
199,Reinhardt Elementary,2022-2023,30,1698.86583333333,2022,1108.4133,0.054945054945055,0.0594594594594595,0.0561224489795918,0.0552631578947368,10,22,11,21,0.0510204081632653,0.0358056265984655,10,14,27.0657163713211,Elementary School
199,Reinhardt Elementary,2023-2024,37,1893.625,2023,1108.4133,0.054945054945055,0.0594594594594595,0.0561224489795918,0.0552631578947368,10,22,11,21,0.0510204081632653,0.0358056265984655,10,14,33.381050191296,Elementary School
199,Reinhardt Elementary,2024-2025,46,2694.88838709677,2024,1108.4133,0.054945054945055,0.0594594594594595,0.0561224489795918,0.0552631578947368,10,22,11,21,0.0510204081632653,0.0358056265984655,10,14,41.5007651026923,Elementary School
201,Rice Learning Center,2017-2018,92,1231.11956521739,2017,1044.6468,0.116279069767442,0.10958904109589,0.136094674556213,0.127167630057803,20,40,23,44,0.147058823529412,0.137362637362637,30,50,88.0680436679651,Elementary School
201,Rice Learning Center,2018-2019,130,1167.14615384615,2018,1044.6468,0.116279069767442,0.10958904109589,0.136094674556213,0.127167630057803,20,40,23,44,0.147058823529412,0.137362637362637,30,50,124.443974748212,Elementary School
201,Rice Learning Center,2019-2020,67,1637.24626865672,2019,1044.6468,0.116279069767442,0.10958904109589,0.136094674556213,0.127167630057803,20,40,23,44,0.147058823529412,0.137362637362637,30,50,64.1365100625398,Elementary School
201,Rice Learning Center,2020-2021,51,1894.16279069767,2020,1044.6468,0.116279069767442,0.10958904109589,0.136094674556213,0.127167630057803,20,40,23,44,0.147058823529412,0.137362637362637,30,50,48.8203285550676,Elementary School
201,Rice Learning Center,2021-2022,81,1838.86225,2021,1044.6468,0.116279069767442,0.10958904109589,0.136094674556213,0.127167630057803,20,40,23,44,0.147058823529412,0.137362637362637,30,50,77.538168881578,Elementary School
201,Rice Learning Center,2022-2023,100,3042.24634146342,2022,1044.6468,0.116279069767442,0.10958904109589,0.136094674556213,0.127167630057803,20,40,23,44,0.147058823529412,0.137362637362637,30,50,95.7261344217012,Elementary School
201,Rice Learning Center,2023-2024,115,2761.03425531915,2023,1044.6468,0.116279069767442,0.10958904109589,0.136094674556213,0.127167630057803,20,40,23,44,0.147058823529412,0.137362637362637,30,50,110.085054584956,Elementary School
201,Rice Learning Center,2024-2025,85,2513.65,2024,1044.6468,0.116279069767442,0.10958904109589,0.136094674556213,0.127167630057803,20,40,23,44,0.147058823529412,0.137362637362637,30,50,81.367214258446,Elementary School
202,Roberts Elementary,2017-2018,40,1114.61225,2017,862.8436,0.174698795180723,0.157575757575758,0.1375,0.0993589743589744,29,52,22,31,0.0674846625766871,0.0636363636363636,11,21,46.3583435051265,Elementary School
202,Roberts Elementary,2018-2019,59,790.713559322034,2018,862.8436,0.174698795180723,0.157575757575758,0.1375,0.0993589743589744,29,52,22,31,0.0674846625766871,0.0636363636363636,11,21,68.3785566700617,Elementary School
202,Roberts Elementary,2019-2020,50,1334.9278,2019,862.8436,0.174698795180723,0.157575757575758,0.1375,0.0993589743589744,29,52,22,31,0.0674846625766871,0.0636363636363636,11,21,57.9479293814082,Elementary School
202,Roberts Elementary,2020-2021,38,1148.2709375,2020,862.8436,0.174698795180723,0.157575757575758,0.1375,0.0993589743589744,29,52,22,31,0.0674846625766871,0.0636363636363636,11,21,44.0404263298702,Elementary School
202,Roberts Elementary,2021-2022,38,1805.09368421053,2021,862.8436,0.174698795180723,0.157575757575758,0.1375,0.0993589743589744,29,52,22,31,0.0674846625766871,0.0636363636363636,11,21,44.0404263298702,Elementary School
202,Roberts Elementary,2022-2023,32,1176.80533333333,2022,862.8436,0.174698795180723,0.157575757575758,0.1375,0.0993589743589744,29,52,22,31,0.0674846625766871,0.0636363636363636,11,21,37.0866748041012,Elementary School
202,Roberts Elementary,2023-2024,51,2424.28666666667,2023,862.8436,0.174698795180723,0.157575757575758,0.1375,0.0993589743589744,29,52,22,31,0.0674846625766871,0.0636363636363636,11,21,59.1068879690364,Elementary School
202,Roberts Elementary,2024-2025,36,2938.16888888889,2024,862.8436,0.174698795180723,0.157575757575758,0.1375,0.0993589743589744,29,52,22,31,0.0674846625766871,0.0636363636363636,11,21,41.7225091546139,Elementary School
203,Rogers Elementary,2017-2018,130,817.837846153846,2017,7889.9412,0.114942528735632,0.116531165311653,0.0890052356020942,0.0878186968838527,20,43,17,31,0.104166666666667,0.0983606557377049,20,36,16.4766753901791,Elementary School
203,Rogers Elementary,2018-2019,139,959.78309352518,2018,7889.9412,0.114942528735632,0.116531165311653,0.0890052356020942,0.0878186968838527,20,43,17,31,0.104166666666667,0.0983606557377049,20,36,17.6173683018069,Elementary School
203,Rogers Elementary,2019-2020,124,1027.28370967742,2019,7889.9412,0.114942528735632,0.116531165311653,0.0890052356020942,0.0878186968838527,20,43,17,31,0.104166666666667,0.0983606557377049,20,36,15.7162134490939,Elementary School
203,Rogers Elementary,2020-2021,69,1560.65349206349,2020,7889.9412,0.114942528735632,0.116531165311653,0.0890052356020942,0.0878186968838527,20,43,17,31,0.104166666666667,0.0983606557377049,20,36,8.74531232247967,Elementary School
203,Rogers Elementary,2021-2022,158,2821.26386075949,2021,7889.9412,0.114942528735632,0.116531165311653,0.0890052356020942,0.0878186968838527,20,43,17,31,0.104166666666667,0.0983606557377049,20,36,20.02549778191,Elementary School
203,Rogers Elementary,2022-2023,145,2435.82114285714,2022,7889.9412,0.114942528735632,0.116531165311653,0.0890052356020942,0.0878186968838527,20,43,17,31,0.104166666666667,0.0983606557377049,20,36,18.3778302428921,Elementary School
203,Rogers Elementary,2023-2024,133,2223.91446428571,2023,7889.9412,0.114942528735632,0.116531165311653,0.0890052356020942,0.0878186968838527,20,43,17,31,0.104166666666667,0.0983606557377049,20,36,16.8569063607217,Elementary School
203,Rogers Elementary,2024-2025,179,1778.24760869565,2024,7889.9412,0.114942528735632,0.116531165311653,0.0890052356020942,0.0878186968838527,20,43,17,31,0.104166666666667,0.0983606557377049,20,36,22.6871145757081,Elementary School
204,Rosemont Lower Elementary,2017-2018,59,1578.56322033898,2017,1951.1563,0.0318725099601594,0.0324324324324324,0.0200803212851406,0.02710027100271,8,12,5,10,0.0144508670520231,0.0191458026509573,5,13,30.2384796133452,Elementary School
204,Rosemont Lower Elementary,2018-2019,41,1245.65878048781,2018,1951.1563,0.0318725099601594,0.0324324324324324,0.0200803212851406,0.02710027100271,8,12,5,10,0.0144508670520231,0.0191458026509573,5,13,21.0131807482568,Elementary School
204,Rosemont Lower Elementary,2019-2020,35,1676.26914285714,2019,1951.1563,0.0318725099601594,0.0324324324324324,0.0200803212851406,0.02710027100271,8,12,5,10,0.0144508670520231,0.0191458026509573,5,13,17.9380811265607,Elementary School
204,Rosemont Lower Elementary,2020-2021,47,1664.37204545455,2020,1951.1563,0.0318725099601594,0.0324324324324324,0.0200803212851406,0.02710027100271,8,12,5,10,0.0144508670520231,0.0191458026509573,5,13,24.0882803699529,Elementary School
204,Rosemont Lower Elementary,2021-2022,89,2105.30123595506,2021,1951.1563,0.0318725099601594,0.0324324324324324,0.0200803212851406,0.02710027100271,8,12,5,10,0.0144508670520231,0.0191458026509573,5,13,45.6139777218258,Elementary School
204,Rosemont Lower Elementary,2022-2023,60,4516.11211538462,2022,1951.1563,0.0318725099601594,0.0324324324324324,0.0200803212851406,0.02710027100271,8,12,5,10,0.0144508670520231,0.0191458026509573,5,13,30.7509962169612,Elementary School
204,Rosemont Lower Elementary,2023-2024,39,3723.935,2023,1951.1563,0.0318725099601594,0.0324324324324324,0.0200803212851406,0.02710027100271,8,12,5,10,0.0144508670520231,0.0191458026509573,5,13,19.9881475410248,Elementary School
204,Rosemont Lower Elementary,2024-2025,32,3245.79090909091,2024,1951.1563,0.0318725099601594,0.0324324324324324,0.0200803212851406,0.02710027100271,8,12,5,10,0.0144508670520231,0.0191458026509573,5,13,16.4005313157126,Elementary School
205,Russell Elementary,2017-2018,60,1255.99666666667,2017,908.7739,0.0747126436781609,0.0706521739130435,0.0504587155963303,0.0558139534883721,13,26,11,24,0.0705394190871369,0.082135523613963,17,40,66.0230228883114,Elementary School
205,Russell Elementary,2018-2019,45,996.255555555556,2018,908.7739,0.0747126436781609,0.0706521739130435,0.0504587155963303,0.0558139534883721,13,26,11,24,0.0705394190871369,0.082135523613963,17,40,49.5172671662335,Elementary School
205,Russell Elementary,2019-2020,28,1426.25678571429,2019,908.7739,0.0747126436781609,0.0706521739130435,0.0504587155963303,0.0558139534883721,13,26,11,24,0.0705394190871369,0.082135523613963,17,40,30.8107440145453,Elementary School
205,Russell Elementary,2020-2021,44,2148.14525,2020,908.7739,0.0747126436781609,0.0706521739130435,0.0504587155963303,0.0558139534883721,13,26,11,24,0.0705394190871369,0.082135523613963,17,40,48.4168834514284,Elementary School
205,Russell Elementary,2021-2022,60,2768.5305,2021,908.7739,0.0747126436781609,0.0706521739130435,0.0504587155963303,0.0558139534883721,13,26,11,24,0.0705394190871369,0.082135523613963,17,40,66.0230228883114,Elementary School
205,Russell Elementary,2022-2023,42,2809.11243902439,2022,908.7739,0.0747126436781609,0.0706521739130435,0.0504587155963303,0.0558139534883721,13,26,11,24,0.0705394190871369,0.082135523613963,17,40,46.216116021818,Elementary School
205,Russell Elementary,2023-2024,26,6086.57095238095,2023,908.7739,0.0747126436781609,0.0706521739130435,0.0504587155963303,0.0558139534883721,13,26,11,24,0.0705394190871369,0.082135523613963,17,40,28.6099765849349,Elementary School
205,Russell Elementary,2024-2025,22,4525.36111111111,2024,908.7739,0.0747126436781609,0.0706521739130435,0.0504587155963303,0.0558139534883721,13,26,11,24,0.0705394190871369,0.082135523613963,17,40,24.2084417257142,Elementary School
206,Sanger Elementary,2017-2018,119,855.675798319328,2017,2022.2317,0.0446428571428571,0.05,0.037037037037037,0.0471092077087794,10,23,9,22,0.0511811023622047,0.0444915254237288,13,21,58.8458780465166,Elementary School
206,Sanger Elementary,2018-2019,115,755.678956521739,2018,2022.2317,0.0446428571428571,0.05,0.037037037037037,0.0471092077087794,10,23,9,22,0.0511811023622047,0.0444915254237288,13,21,56.8678653390707,Elementary School
206,Sanger Elementary,2019-2020,121,699.291900826446,2019,2022.2317,0.0446428571428571,0.05,0.037037037037037,0.0471092077087794,10,23,9,22,0.0511811023622047,0.0444915254237288,13,21,59.8348844002396,Elementary School
206,Sanger Elementary,2020-2021,19,4670.010625,2020,2022.2317,0.0446428571428571,0.05,0.037037037037037,0.0471092077087794,10,23,9,22,0.0511811023622047,0.0444915254237288,13,21,9.3955603603682,Elementary School
206,Sanger Elementary,2021-2022,58,2058.93896551724,2021,2022.2317,0.0446428571428571,0.05,0.037037037037037,0.0471092077087794,10,23,9,22,0.0511811023622047,0.0444915254237288,13,21,28.6811842579661,Elementary School
206,Sanger Elementary,2022-2023,57,2576.8358490566,2022,2022.2317,0.0446428571428571,0.05,0.037037037037037,0.0471092077087794,10,23,9,22,0.0511811023622047,0.0444915254237288,13,21,28.1866810811046,Elementary School
206,Sanger Elementary,2023-2024,66,4080.28440677966,2023,2022.2317,0.0446428571428571,0.05,0.037037037037037,0.0471092077087794,10,23,9,22,0.0511811023622047,0.0444915254237288,13,21,32.637209672858,Elementary School
206,Sanger Elementary,2024-2025,45,3555.45206896552,2024,2022.2317,0.0446428571428571,0.05,0.037037037037037,0.0471092077087794,10,23,9,22,0.0511811023622047,0.0444915254237288,13,21,22.2526429587668,Elementary School
207,San Jacinto Elementary,2017-2018,15,768.898,2017,309.8882,0.0502793296089386,0.0485714285714286,0.0529100529100529,0.0617977528089888,9,17,10,22,0.12565445026178,0.0989010989010989,24,36,48.404553642249,Elementary School
207,San Jacinto Elementary,2018-2019,29,1317.96551724138,2018,309.8882,0.0502793296089386,0.0485714285714286,0.0529100529100529,0.0617977528089888,9,17,10,22,0.12565445026178,0.0989010989010989,24,36,93.5821370416815,Elementary School
207,San Jacinto Elementary,2019-2020,18,1630.22833333333,2019,309.8882,0.0502793296089386,0.0485714285714286,0.0529100529100529,0.0617977528089888,9,17,10,22,0.12565445026178,0.0989010989010989,24,36,58.0854643706989,Elementary School
207,San Jacinto Elementary,2020-2021,33,3153.88966666667,2020,309.8882,0.0502793296089386,0.0485714285714286,0.0529100529100529,0.0617977528089888,9,17,10,22,0.12565445026178,0.0989010989010989,24,36,106.490018012948,Elementary School
207,San Jacinto Elementary,2021-2022,14,2130.78214285714,2021,309.8882,0.0502793296089386,0.0485714285714286,0.0529100529100529,0.0617977528089888,9,17,10,22,0.12565445026178,0.0989010989010989,24,36,45.1775833994324,Elementary School
207,San Jacinto Elementary,2022-2023,13,4214.0225,2022,309.8882,0.0502793296089386,0.0485714285714286,0.0529100529100529,0.0617977528089888,9,17,10,22,0.12565445026178,0.0989010989010989,24,36,41.9506131566158,Elementary School
207,San Jacinto Elementary,2023-2024,22,4986.04933333333,2023,309.8882,0.0502793296089386,0.0485714285714286,0.0529100529100529,0.0617977528089888,9,17,10,22,0.12565445026178,0.0989010989010989,24,36,70.9933453419653,Elementary School
207,San Jacinto Elementary,2024-2025,19,3327.27058823529,2024,309.8882,0.0502793296089386,0.0485714285714286,0.0529100529100529,0.0617977528089888,9,17,10,22,0.12565445026178,0.0989010989010989,24,36,61.3124346135155,Elementary School
208,Seagoville Elementary,2017-2018,96,774.406979166667,2017,742.2991,0.0853242320819113,0.0965391621129326,0.0909090909090909,0.0756143667296786,25,53,23,40,0.0827067669172932,0.0695488721804511,22,37,129.327921857914,Elementary School
208,Seagoville Elementary,2018-2019,100,1043.1275,2018,742.2991,0.0853242320819113,0.0965391621129326,0.0909090909090909,0.0756143667296786,25,53,23,40,0.0827067669172932,0.0695488721804511,22,37,134.716585268661,Elementary School
208,Seagoville Elementary,2019-2020,48,1376.71625,2019,742.2991,0.0853242320819113,0.0965391621129326,0.0909090909090909,0.0756143667296786,25,53,23,40,0.0827067669172932,0.0695488721804511,22,37,64.6639609289571,Elementary School
208,Seagoville Elementary,2020-2021,31,2533.83448275862,2020,742.2991,0.0853242320819113,0.0965391621129326,0.0909090909090909,0.0756143667296786,25,53,23,40,0.0827067669172932,0.0695488721804511,22,37,41.7621414332848,Elementary School
208,Seagoville Elementary,2021-2022,63,1930.3453968254,2021,742.2991,0.0853242320819113,0.0965391621129326,0.0909090909090909,0.0756143667296786,25,53,23,40,0.0827067669172932,0.0695488721804511,22,37,84.8714487192562,Elementary School
208,Seagoville Elementary,2022-2023,50,2808.307,2022,742.2991,0.0853242320819113,0.0965391621129326,0.0909090909090909,0.0756143667296786,25,53,23,40,0.0827067669172932,0.0695488721804511,22,37,67.3582926343303,Elementary School
208,Seagoville Elementary,2023-2024,42,3545.86379310345,2023,742.2991,0.0853242320819113,0.0965391621129326,0.0909090909090909,0.0756143667296786,25,53,23,40,0.0827067669172932,0.0695488721804511,22,37,56.5809658128374,Elementary School
208,Seagoville Elementary,2024-2025,28,3206.75055555556,2024,742.2991,0.0853242320819113,0.0965391621129326,0.0909090909090909,0.0756143667296786,25,53,23,40,0.0827067669172932,0.0695488721804511,22,37,37.720643875225,Elementary School
209,Silberstein Elementary,2017-2018,24,748.121666666667,2017,677.8797,0.038961038961039,0.050328227571116,0.0666666666666667,0.0608108108108108,9,23,14,27,0.06,0.0486111111111111,12,21,35.4045120395256,Elementary School
209,Silberstein Elementary,2018-2019,33,846.910909090909,2018,677.8797,0.038961038961039,0.050328227571116,0.0666666666666667,0.0608108108108108,9,23,14,27,0.06,0.0486111111111111,12,21,48.6812040543477,Elementary School
209,Silberstein Elementary,2019-2020,13,1692.30076923077,2019,677.8797,0.038961038961039,0.050328227571116,0.0666666666666667,0.0608108108108108,9,23,14,27,0.06,0.0486111111111111,12,21,19.1774440214097,Elementary School
209,Silberstein Elementary,2020-2021,8,459.79125,2020,677.8797,0.038961038961039,0.050328227571116,0.0666666666666667,0.0608108108108108,9,23,14,27,0.06,0.0486111111111111,12,21,11.8015040131752,Elementary School
209,Silberstein Elementary,2021-2022,18,760.758823529412,2021,677.8797,0.038961038961039,0.050328227571116,0.0666666666666667,0.0608108108108108,9,23,14,27,0.06,0.0486111111111111,12,21,26.5533840296442,Elementary School
209,Silberstein Elementary,2022-2023,27,2897.07791666667,2022,677.8797,0.038961038961039,0.050328227571116,0.0666666666666667,0.0608108108108108,9,23,14,27,0.06,0.0486111111111111,12,21,39.8300760444663,Elementary School
209,Silberstein Elementary,2023-2024,30,2781.3152173913,2023,677.8797,0.038961038961039,0.050328227571116,0.0666666666666667,0.0608108108108108,9,23,14,27,0.06,0.0486111111111111,12,21,44.255640049407,Elementary School
209,Silberstein Elementary,2024-2025,15,2618.04538461539,2024,677.8797,0.038961038961039,0.050328227571116,0.0666666666666667,0.0608108108108108,9,23,14,27,0.06,0.0486111111111111,12,21,22.1278200247035,Elementary School
210,Stemmons Elementary,2017-2018,30,782.777333333333,2017,2208.5977,0.0583941605839416,0.0590551181102362,0.0441176470588235,0.0435643564356436,16,30,12,22,0.051792828685259,0.0628803245436106,13,31,13.5832795624119,Elementary School
210,Stemmons Elementary,2018-2019,33,1193.67636363636,2018,2208.5977,0.0583941605839416,0.0590551181102362,0.0441176470588235,0.0435643564356436,16,30,12,22,0.051792828685259,0.0628803245436106,13,31,14.9416075186531,Elementary School
210,Stemmons Elementary,2019-2020,34,1049.93205882353,2019,2208.5977,0.0583941605839416,0.0590551181102362,0.0441176470588235,0.0435643564356436,16,30,12,22,0.051792828685259,0.0628803245436106,13,31,15.3943835040669,Elementary School
210,Stemmons Elementary,2020-2021,33,1342.66071428571,2020,2208.5977,0.0583941605839416,0.0590551181102362,0.0441176470588235,0.0435643564356436,16,30,12,22,0.051792828685259,0.0628803245436106,13,31,14.9416075186531,Elementary School
210,Stemmons Elementary,2021-2022,40,2050.684,2021,2208.5977,0.0583941605839416,0.0590551181102362,0.0441176470588235,0.0435643564356436,16,30,12,22,0.051792828685259,0.0628803245436106,13,31,18.1110394165492,Elementary School
210,Stemmons Elementary,2022-2023,41,2635.14324324324,2022,2208.5977,0.0583941605839416,0.0590551181102362,0.0441176470588235,0.0435643564356436,16,30,12,22,0.051792828685259,0.0628803245436106,13,31,18.563815401963,Elementary School
210,Stemmons Elementary,2023-2024,39,2482.0396969697,2023,2208.5977,0.0583941605839416,0.0590551181102362,0.0441176470588235,0.0435643564356436,16,30,12,22,0.051792828685259,0.0628803245436106,13,31,17.6582634311355,Elementary School
210,Stemmons Elementary,2024-2025,14,2028.78909090909,2024,2208.5977,0.0583941605839416,0.0590551181102362,0.0441176470588235,0.0435643564356436,16,30,12,22,0.051792828685259,0.0628803245436106,13,31,6.33886379579224,Elementary School
211,Stevens Park Elementary,2017-2018,195,827.353435897436,2017,2280.9348,0.0957854406130268,0.0907335907335907,0.137546468401487,0.12770137524558,25,47,37,65,0.0881226053639847,0.0831643002028398,23,41,85.4912643710816,Elementary School
211,Stevens Park Elementary,2018-2019,207,1233.39062801932,2018,2280.9348,0.0957854406130268,0.0907335907335907,0.137546468401487,0.12770137524558,25,47,37,65,0.0881226053639847,0.0831643002028398,23,41,90.7522652554558,Elementary School
211,Stevens Park Elementary,2019-2020,150,1127.45733333333,2019,2280.9348,0.0957854406130268,0.0907335907335907,0.137546468401487,0.12770137524558,25,47,37,65,0.0881226053639847,0.0831643002028398,23,41,65.7625110546781,Elementary School
211,Stevens Park Elementary,2020-2021,93,1980.635375,2020,2280.9348,0.0957854406130268,0.0907335907335907,0.137546468401487,0.12770137524558,25,47,37,65,0.0881226053639847,0.0831643002028398,23,41,40.7727568539004,Elementary School
211,Stevens Park Elementary,2021-2022,141,2412.54829787234,2021,2280.9348,0.0957854406130268,0.0907335907335907,0.137546468401487,0.12770137524558,25,47,37,65,0.0881226053639847,0.0831643002028398,23,41,61.8167603913974,Elementary School
211,Stevens Park Elementary,2022-2023,142,4199.53022556391,2022,2280.9348,0.0957854406130268,0.0907335907335907,0.137546468401487,0.12770137524558,25,47,37,65,0.0881226053639847,0.0831643002028398,23,41,62.255177131762,Elementary School
211,Stevens Park Elementary,2023-2024,247,2859.98452054795,2023,2280.9348,0.0957854406130268,0.0907335907335907,0.137546468401487,0.12770137524558,25,47,37,65,0.0881226053639847,0.0831643002028398,23,41,108.288934870037,Elementary School
211,Stevens Park Elementary,2024-2025,87,3336.39575757576,2024,2280.9348,0.0957854406130268,0.0907335907335907,0.137546468401487,0.12770137524558,25,47,37,65,0.0881226053639847,0.0831643002028398,23,41,38.1422564117133,Elementary School
213,Terry Elementary,2017-2018,25,1119.44,2017,426.141,0.089041095890411,0.0716845878136201,0.0538461538461539,0.0506329113924051,13,20,7,12,0.0909090909090909,0.0737704918032787,12,18,58.6660283802779,Elementary School
213,Terry Elementary,2018-2019,25,1132.48,2018,426.141,0.089041095890411,0.0716845878136201,0.0538461538461539,0.0506329113924051,13,20,7,12,0.0909090909090909,0.0737704918032787,12,18,58.6660283802779,Elementary School
213,Terry Elementary,2019-2020,17,1793.58823529412,2019,426.141,0.089041095890411,0.0716845878136201,0.0538461538461539,0.0506329113924051,13,20,7,12,0.0909090909090909,0.0737704918032787,12,18,39.892899298589,Elementary School
213,Terry Elementary,2020-2021,12,794,2020,426.141,0.089041095890411,0.0716845878136201,0.0538461538461539,0.0506329113924051,13,20,7,12,0.0909090909090909,0.0737704918032787,12,18,28.1596936225334,Elementary School
213,Terry Elementary,2021-2022,13,3156.15384615385,2021,426.141,0.089041095890411,0.0716845878136201,0.0538461538461539,0.0506329113924051,13,20,7,12,0.0909090909090909,0.0737704918032787,12,18,30.5063347577445,Elementary School
213,Terry Elementary,2022-2023,15,2510,2022,426.141,0.089041095890411,0.0716845878136201,0.0538461538461539,0.0506329113924051,13,20,7,12,0.0909090909090909,0.0737704918032787,12,18,35.1996170281667,Elementary School
213,Terry Elementary,2023-2024,16,4638.41666666667,2023,426.141,0.089041095890411,0.0716845878136201,0.0538461538461539,0.0506329113924051,13,20,7,12,0.0909090909090909,0.0737704918032787,12,18,37.5462581633779,Elementary School
213,Terry Elementary,2024-2025,27,3475.45454545455,2024,426.141,0.089041095890411,0.0716845878136201,0.0538461538461539,0.0506329113924051,13,20,7,12,0.0909090909090909,0.0737704918032787,12,18,63.3593106507001,Elementary School
215,Fridia Elementary,2017-2018,51,1895.66705882353,2017,379.3245,0.127906976744186,0.0923913043478261,0.0845070422535211,0.137254901960784,11,17,6,21,0.139784946236559,0.105882352941176,13,18,134.449528042613,Elementary School
215,Fridia Elementary,2018-2019,48,1662.94229166667,2018,379.3245,0.127906976744186,0.0923913043478261,0.0845070422535211,0.137254901960784,11,17,6,21,0.139784946236559,0.105882352941176,13,18,126.5407322754,Elementary School
215,Fridia Elementary,2019-2020,39,1336.54,2019,379.3245,0.127906976744186,0.0923913043478261,0.0845070422535211,0.137254901960784,11,17,6,21,0.139784946236559,0.105882352941176,13,18,102.814344973763,Elementary School
215,Fridia Elementary,2020-2021,25,1953.48428571429,2020,379.3245,0.127906976744186,0.0923913043478261,0.0845070422535211,0.137254901960784,11,17,6,21,0.139784946236559,0.105882352941176,13,18,65.9066313934375,Elementary School
215,Fridia Elementary,2021-2022,29,3426.48172413793,2021,379.3245,0.127906976744186,0.0923913043478261,0.0845070422535211,0.137254901960784,11,17,6,21,0.139784946236559,0.105882352941176,13,18,76.4516924163875,Elementary School
215,Fridia Elementary,2022-2023,36,3607.68444444444,2022,379.3245,0.127906976744186,0.0923913043478261,0.0845070422535211,0.137254901960784,11,17,6,21,0.139784946236559,0.105882352941176,13,18,94.9055492065501,Elementary School
215,Fridia Elementary,2023-2024,47,3615.76473684211,2023,379.3245,0.127906976744186,0.0923913043478261,0.0845070422535211,0.137254901960784,11,17,6,21,0.139784946236559,0.105882352941176,13,18,123.904467019663,Elementary School
215,Fridia Elementary,2024-2025,79,3200.91054545455,2024,379.3245,0.127906976744186,0.0923913043478261,0.0845070422535211,0.137254901960784,11,17,6,21,0.139784946236559,0.105882352941176,13,18,208.264955203263,Elementary School
216,Titche Elementary,2017-2018,292,1149.0726369863,2017,2302.0546,0.169054441260745,0.168238993710692,0.171974522292994,0.140939597315436,59,107,54,84,0.115646258503401,0.120274914089347,34,70,126.843212146228,Elementary School
216,Titche Elementary,2018-2019,300,1019.88953333333,2018,2302.0546,0.169054441260745,0.168238993710692,0.171974522292994,0.140939597315436,59,107,54,84,0.115646258503401,0.120274914089347,34,70,130.318368643385,Elementary School
216,Titche Elementary,2019-2020,275,852.836763636364,2019,2302.0546,0.169054441260745,0.168238993710692,0.171974522292994,0.140939597315436,59,107,54,84,0.115646258503401,0.120274914089347,34,70,119.45850458977,Elementary School
216,Titche Elementary,2020-2021,112,2588.03306122449,2020,2302.0546,0.169054441260745,0.168238993710692,0.171974522292994,0.140939597315436,59,107,54,84,0.115646258503401,0.120274914089347,34,70,48.652190960197,Elementary School
216,Titche Elementary,2021-2022,182,2239.24164835165,2021,2302.0546,0.169054441260745,0.168238993710692,0.171974522292994,0.140939597315436,59,107,54,84,0.115646258503401,0.120274914089347,34,70,79.0598103103202,Elementary School
216,Titche Elementary,2022-2023,247,3412.35644351464,2022,2302.0546,0.169054441260745,0.168238993710692,0.171974522292994,0.140939597315436,59,107,54,84,0.115646258503401,0.120274914089347,34,70,107.29545684972,Elementary School
216,Titche Elementary,2023-2024,365,2028.11593650794,2023,2302.0546,0.169054441260745,0.168238993710692,0.171974522292994,0.140939597315436,59,107,54,84,0.115646258503401,0.120274914089347,34,70,158.554015182785,Elementary School
216,Titche Elementary,2024-2025,373,1809.93701342282,2024,2302.0546,0.169054441260745,0.168238993710692,0.171974522292994,0.140939597315436,59,107,54,84,0.115646258503401,0.120274914089347,34,70,162.029171679942,Elementary School
218,Truett Elementary,2017-2018,172,1146.54813953488,2017,2002.1411,0.114349775784753,0.118857142857143,0.116788321167883,0.121890547263682,51,104,48,98,0.119512195121951,0.122503328894807,49,92,85.9080311572446,Elementary School
218,Truett Elementary,2018-2019,264,1125.99227272727,2018,2002.1411,0.114349775784753,0.118857142857143,0.116788321167883,0.121890547263682,51,104,48,98,0.119512195121951,0.122503328894807,49,92,131.858838520422,Elementary School
218,Truett Elementary,2019-2020,241,860.68643153527,2019,2002.1411,0.114349775784753,0.118857142857143,0.116788321167883,0.121890547263682,51,104,48,98,0.119512195121951,0.122503328894807,49,92,120.371136679628,Elementary School
218,Truett Elementary,2020-2021,144,2293.16196969697,2020,2002.1411,0.114349775784753,0.118857142857143,0.116788321167883,0.121890547263682,51,104,48,98,0.119512195121951,0.122503328894807,49,92,71.9230028293211,Elementary School
218,Truett Elementary,2021-2022,210,1622.15292079208,2021,2002.1411,0.114349775784753,0.118857142857143,0.116788321167883,0.121890547263682,51,104,48,98,0.119512195121951,0.122503328894807,49,92,104.887712459427,Elementary School
218,Truett Elementary,2022-2023,260,1790.17746478873,2022,2002.1411,0.114349775784753,0.118857142857143,0.116788321167883,0.121890547263682,51,104,48,98,0.119512195121951,0.122503328894807,49,92,129.860977330719,Elementary School
218,Truett Elementary,2023-2024,158,1904.967,2023,2002.1411,0.114349775784753,0.118857142857143,0.116788321167883,0.121890547263682,51,104,48,98,0.119512195121951,0.122503328894807,49,92,78.9155169932828,Elementary School
218,Truett Elementary,2024-2025,160,2542.88902912621,2024,2002.1411,0.114349775784753,0.118857142857143,0.116788321167883,0.121890547263682,51,104,48,98,0.119512195121951,0.122503328894807,49,92,79.9144475881345,Elementary School
219,Turner Elementary,2017-2018,122,1662.83680327869,2017,1696.7526,0.162393162393162,0.113445378151261,0.185840707964602,0.168032786885246,19,27,21,41,0.181159420289855,0.149019607843137,25,38,71.9020557269221,Elementary School
219,Turner Elementary,2018-2019,147,1429.33346938776,2018,1696.7526,0.162393162393162,0.113445378151261,0.185840707964602,0.168032786885246,19,27,21,41,0.181159420289855,0.149019607843137,25,38,86.636083539816,Elementary School
219,Turner Elementary,2019-2020,125,1977.63616,2019,1696.7526,0.162393162393162,0.113445378151261,0.185840707964602,0.168032786885246,19,27,21,41,0.181159420289855,0.149019607843137,25,38,73.6701390644694,Elementary School
219,Turner Elementary,2020-2021,95,2293.34561797753,2020,1696.7526,0.162393162393162,0.113445378151261,0.185840707964602,0.168032786885246,19,27,21,41,0.181159420289855,0.149019607843137,25,38,55.9893056889967,Elementary School
219,Turner Elementary,2021-2022,58,3280.80172413793,2021,1696.7526,0.162393162393162,0.113445378151261,0.185840707964602,0.168032786885246,19,27,21,41,0.181159420289855,0.149019607843137,25,38,34.1829445259138,Elementary School
219,Turner Elementary,2022-2023,133,7353.93294573643,2022,1696.7526,0.162393162393162,0.113445378151261,0.185840707964602,0.168032786885246,19,27,21,41,0.181159420289855,0.149019607843137,25,38,78.3850279645954,Elementary School
219,Turner Elementary,2023-2024,62,3709.00666666667,2023,1696.7526,0.162393162393162,0.113445378151261,0.185840707964602,0.168032786885246,19,27,21,41,0.181159420289855,0.149019607843137,25,38,36.5403889759768,Elementary School
219,Turner Elementary,2024-2025,88,5653.745,2024,1696.7526,0.162393162393162,0.113445378151261,0.185840707964602,0.168032786885246,19,27,21,41,0.181159420289855,0.149019607843137,25,38,51.8637779013865,Elementary School
222,Urban Park Elementary,2017-2018,46,842.253260869565,2017,452.1568,0.0926829268292683,0.104477611940299,0.0673076923076923,0.0638297872340426,19,42,14,27,0.0506912442396313,0.0528846153846154,11,22,101.73461949483,Elementary School
222,Urban Park Elementary,2018-2019,46,1634.6,2018,452.1568,0.0926829268292683,0.104477611940299,0.0673076923076923,0.0638297872340426,19,42,14,27,0.0506912442396313,0.0528846153846154,11,22,101.73461949483,Elementary School
222,Urban Park Elementary,2019-2020,35,1087.78971428571,2019,452.1568,0.0926829268292683,0.104477611940299,0.0673076923076923,0.0638297872340426,19,42,14,27,0.0506912442396313,0.0528846153846154,11,22,77.4067757025881,Elementary School
222,Urban Park Elementary,2020-2021,14,3041.86357142857,2020,452.1568,0.0926829268292683,0.104477611940299,0.0673076923076923,0.0638297872340426,19,42,14,27,0.0506912442396313,0.0528846153846154,11,22,30.9627102810353,Elementary School
222,Urban Park Elementary,2021-2022,25,2621.044,2021,452.1568,0.0926829268292683,0.104477611940299,0.0673076923076923,0.0638297872340426,19,42,14,27,0.0506912442396313,0.0528846153846154,11,22,55.2905540732772,Elementary School
222,Urban Park Elementary,2022-2023,16,5089.62777777778,2022,452.1568,0.0926829268292683,0.104477611940299,0.0673076923076923,0.0638297872340426,19,42,14,27,0.0506912442396313,0.0528846153846154,11,22,35.3859546068974,Elementary School
222,Urban Park Elementary,2023-2024,32,7076.94928571429,2023,452.1568,0.0926829268292683,0.104477611940299,0.0673076923076923,0.0638297872340426,19,42,14,27,0.0506912442396313,0.0528846153846154,11,22,70.7719092137949,Elementary School
222,Urban Park Elementary,2024-2025,27,4902.47608695652,2024,452.1568,0.0926829268292683,0.104477611940299,0.0673076923076923,0.0638297872340426,19,42,14,27,0.0506912442396313,0.0528846153846154,11,22,59.7137983991394,Elementary School
224,Walnut Hill Elementary,2017-2018,14,930.362142857143,2017,239.9026,0.0198675496688742,0.0367892976588629,0.0440251572327044,0.0524590163934426,3,11,7,16,0.0542635658914729,0.0458015267175573,7,12,58.3570165558856,Elementary School
224,Walnut Hill Elementary,2018-2019,10,770.817,2018,239.9026,0.0198675496688742,0.0367892976588629,0.0440251572327044,0.0524590163934426,3,11,7,16,0.0542635658914729,0.0458015267175573,7,12,41.683583254204,Elementary School
224,Walnut Hill Elementary,2019-2020,25,1596.3976,2019,239.9026,0.0198675496688742,0.0367892976588629,0.0440251572327044,0.0524590163934426,3,11,7,16,0.0542635658914729,0.0458015267175573,7,12,104.20895813551,Elementary School
224,Walnut Hill Elementary,2020-2021,11,177.619,2020,239.9026,0.0198675496688742,0.0367892976588629,0.0440251572327044,0.0524590163934426,3,11,7,16,0.0542635658914729,0.0458015267175573,7,12,45.8519415796244,Elementary School
224,Walnut Hill Elementary,2021-2022,3,1680,2021,239.9026,0.0198675496688742,0.0367892976588629,0.0440251572327044,0.0524590163934426,3,11,7,16,0.0542635658914729,0.0458015267175573,7,12,12.5050749762612,Elementary School
224,Walnut Hill Elementary,2022-2023,1,0,2022,239.9026,0.0198675496688742,0.0367892976588629,0.0440251572327044,0.0524590163934426,3,11,7,16,0.0542635658914729,0.0458015267175573,7,12,4.1683583254204,Elementary School
224,Walnut Hill Elementary,2023-2024,3,4663.33333333333,2023,239.9026,0.0198675496688742,0.0367892976588629,0.0440251572327044,0.0524590163934426,3,11,7,16,0.0542635658914729,0.0458015267175573,7,12,12.5050749762612,Elementary School
225,Webster Elementary,2017-2018,562,659.680889679715,2017,2382.6213,0.18452380952381,0.155882352941176,0.120805369127517,0.129139072847682,31,53,18,39,0.176,0.14963503649635,22,41,235.874664597349,Elementary School
225,Webster Elementary,2018-2019,717,939.036569037657,2018,2382.6213,0.18452380952381,0.155882352941176,0.120805369127517,0.129139072847682,31,53,18,39,0.176,0.14963503649635,22,41,300.929064975622,Elementary School
225,Webster Elementary,2019-2020,489,787.663047034765,2019,2382.6213,0.18452380952381,0.155882352941176,0.120805369127517,0.129139072847682,31,53,18,39,0.176,0.14963503649635,22,41,205.236140548227,Elementary School
225,Webster Elementary,2020-2021,149,2025.93470588235,2020,2382.6213,0.18452380952381,0.155882352941176,0.120805369127517,0.129139072847682,31,53,18,39,0.176,0.14963503649635,22,41,62.53616552492,Elementary School
225,Webster Elementary,2021-2022,373,2495.27537634409,2021,2382.6213,0.18452380952381,0.155882352941176,0.120805369127517,0.129139072847682,31,53,18,39,0.176,0.14963503649635,22,41,156.550266716746,Elementary School
225,Webster Elementary,2022-2023,350,2956.1645886076,2022,2382.6213,0.18452380952381,0.155882352941176,0.120805369127517,0.129139072847682,31,53,18,39,0.176,0.14963503649635,22,41,146.897033112228,Elementary School
225,Webster Elementary,2023-2024,261,3501.0901980198,2023,2382.6213,0.18452380952381,0.155882352941176,0.120805369127517,0.129139072847682,31,53,18,39,0.176,0.14963503649635,22,41,109.543216120833,Elementary School
225,Webster Elementary,2024-2025,234,3062.04804545455,2024,2382.6213,0.18452380952381,0.155882352941176,0.120805369127517,0.129139072847682,31,53,18,39,0.176,0.14963503649635,22,41,98.2111592807468,Elementary School
226,Weiss Elementary,2017-2018,102,1125.76284313726,2017,1816.1891,0.0732984293193717,0.0784313725490196,0.0614525139664804,0.0580110497237569,14,28,11,21,0.121693121693122,0.101522842639594,23,40,56.1615527810403,Elementary School
226,Weiss Elementary,2018-2019,129,1003.34736434109,2018,1816.1891,0.0732984293193717,0.0784313725490196,0.0614525139664804,0.0580110497237569,14,28,11,21,0.121693121693122,0.101522842639594,23,40,71.0278461642568,Elementary School
226,Weiss Elementary,2019-2020,381,873.803385826772,2019,1816.1891,0.0732984293193717,0.0784313725490196,0.0614525139664804,0.0580110497237569,14,28,11,21,0.121693121693122,0.101522842639594,23,40,209.779917740944,Elementary School
226,Weiss Elementary,2020-2021,154,2969.02443708609,2020,1816.1891,0.0732984293193717,0.0784313725490196,0.0614525139664804,0.0580110497237569,14,28,11,21,0.121693121693122,0.101522842639594,23,40,84.792932630198,Elementary School
226,Weiss Elementary,2021-2022,57,3109.31107142857,2021,1816.1891,0.0732984293193717,0.0784313725490196,0.0614525139664804,0.0580110497237569,14,28,11,21,0.121693121693122,0.101522842639594,23,40,31.384397142346,Elementary School
226,Weiss Elementary,2022-2023,100,2435.3977173913,2022,1816.1891,0.0732984293193717,0.0784313725490196,0.0614525139664804,0.0580110497237569,14,28,11,21,0.121693121693122,0.101522842639594,23,40,55.060345863765,Elementary School
226,Weiss Elementary,2023-2024,66,2866.09345454546,2023,1816.1891,0.0732984293193717,0.0784313725490196,0.0614525139664804,0.0580110497237569,14,28,11,21,0.121693121693122,0.101522842639594,23,40,36.3398282700849,Elementary School
226,Weiss Elementary,2024-2025,72,3320.17909090909,2024,1816.1891,0.0732984293193717,0.0784313725490196,0.0614525139664804,0.0580110497237569,14,28,11,21,0.121693121693122,0.101522842639594,23,40,39.6434490219108,Elementary School
229,Winnetka Elementary,2017-2018,17,812.058823529412,2017,215.494,0.0170648464163823,0.0153846153846154,0.0131578947368421,0.0165562913907285,5,9,4,10,0.0401234567901235,0.0326086956521739,13,21,78.8885073366312,Elementary School
229,Winnetka Elementary,2018-2019,14,1459.04142857143,2018,215.494,0.0170648464163823,0.0153846153846154,0.0131578947368421,0.0165562913907285,5,9,4,10,0.0401234567901235,0.0326086956521739,13,21,64.9670060419316,Elementary School
229,Winnetka Elementary,2019-2020,4,1525,2019,215.494,0.0170648464163823,0.0153846153846154,0.0131578947368421,0.0165562913907285,5,9,4,10,0.0401234567901235,0.0326086956521739,13,21,18.5620017262662,Elementary School
229,Winnetka Elementary,2020-2021,6,862.8,2020,215.494,0.0170648464163823,0.0153846153846154,0.0131578947368421,0.0165562913907285,5,9,4,10,0.0401234567901235,0.0326086956521739,13,21,27.8430025893992,Elementary School
229,Winnetka Elementary,2021-2022,7,1524.28571428571,2021,215.494,0.0170648464163823,0.0153846153846154,0.0131578947368421,0.0165562913907285,5,9,4,10,0.0401234567901235,0.0326086956521739,13,21,32.4835030209658,Elementary School
229,Winnetka Elementary,2022-2023,10,2581.25,2022,215.494,0.0170648464163823,0.0153846153846154,0.0131578947368421,0.0165562913907285,5,9,4,10,0.0401234567901235,0.0326086956521739,13,21,46.4050043156654,Elementary School
229,Winnetka Elementary,2023-2024,12,2657.605,2023,215.494,0.0170648464163823,0.0153846153846154,0.0131578947368421,0.0165562913907285,5,9,4,10,0.0401234567901235,0.0326086956521739,13,21,55.6860051787985,Elementary School
229,Winnetka Elementary,2024-2025,7,2767,2024,215.494,0.0170648464163823,0.0153846153846154,0.0131578947368421,0.0165562913907285,5,9,4,10,0.0401234567901235,0.0326086956521739,13,21,32.4835030209658,Elementary School
230,Withers Elementary,2017-2018,11,732.454545454546,2017,555.4894,0.0099009900990099,0.0136612021857924,0.0209424083769634,0.0182291666666667,2,5,4,7,0.0540540540540541,0.0403022670025189,12,16,19.8023580647984,Elementary School
230,Withers Elementary,2018-2019,12,1615.66666666667,2018,555.4894,0.0099009900990099,0.0136612021857924,0.0209424083769634,0.0182291666666667,2,5,4,7,0.0540540540540541,0.0403022670025189,12,16,21.6025724343255,Elementary School
230,Withers Elementary,2019-2020,17,1569.64705882353,2019,555.4894,0.0099009900990099,0.0136612021857924,0.0209424083769634,0.0182291666666667,2,5,4,7,0.0540540540540541,0.0403022670025189,12,16,30.6036442819611,Elementary School
230,Withers Elementary,2020-2021,14,1920.92214285714,2020,555.4894,0.0099009900990099,0.0136612021857924,0.0209424083769634,0.0182291666666667,2,5,4,7,0.0540540540540541,0.0403022670025189,12,16,25.2030011733797,Elementary School
230,Withers Elementary,2021-2022,11,1623.11909090909,2021,555.4894,0.0099009900990099,0.0136612021857924,0.0209424083769634,0.0182291666666667,2,5,4,7,0.0540540540540541,0.0403022670025189,12,16,19.8023580647984,Elementary School
230,Withers Elementary,2022-2023,11,2628.17,2022,555.4894,0.0099009900990099,0.0136612021857924,0.0209424083769634,0.0182291666666667,2,5,4,7,0.0540540540540541,0.0403022670025189,12,16,19.8023580647984,Elementary School
230,Withers Elementary,2023-2024,5,11710.11,2023,555.4894,0.0099009900990099,0.0136612021857924,0.0209424083769634,0.0182291666666667,2,5,4,7,0.0540540540540541,0.0403022670025189,12,16,9.00107184763562,Elementary School
230,Withers Elementary,2024-2025,10,15075.97,2024,555.4894,0.0099009900990099,0.0136612021857924,0.0209424083769634,0.0182291666666667,2,5,4,7,0.0540540540540541,0.0403022670025189,12,16,18.0021436952712,Elementary School
233,Nathan Adams Elementary,2017-2018,85,1123.77517647059,2017,2556.7903,0.107142857142857,0.0970873786407767,0.135483870967742,0.0940438871473354,18,30,21,30,0.0807453416149068,0.0852941176470588,13,29,33.2448069753706,Elementary School
233,Nathan Adams Elementary,2018-2019,155,1110.77322580645,2018,2556.7903,0.107142857142857,0.0970873786407767,0.135483870967742,0.0940438871473354,18,30,21,30,0.0807453416149068,0.0852941176470588,13,29,60.6228833080288,Elementary School
233,Nathan Adams Elementary,2019-2020,103,1314.2740776699,2019,2556.7903,0.107142857142857,0.0970873786407767,0.135483870967742,0.0940438871473354,18,30,21,30,0.0807453416149068,0.0852941176470588,13,29,40.2848837466256,Elementary School
233,Nathan Adams Elementary,2020-2021,63,3174.6685106383,2020,2556.7903,0.107142857142857,0.0970873786407767,0.135483870967742,0.0940438871473354,18,30,21,30,0.0807453416149068,0.0852941176470588,13,29,24.6402686993924,Elementary School
233,Nathan Adams Elementary,2021-2022,130,3141.289453125,2021,2556.7903,0.107142857142857,0.0970873786407767,0.135483870967742,0.0940438871473354,18,30,21,30,0.0807453416149068,0.0852941176470588,13,29,50.8449989035081,Elementary School
233,Nathan Adams Elementary,2022-2023,106,3294.54884210526,2022,2556.7903,0.107142857142857,0.0970873786407767,0.135483870967742,0.0940438871473354,18,30,21,30,0.0807453416149068,0.0852941176470588,13,29,41.4582298751681,Elementary School
233,Nathan Adams Elementary,2023-2024,168,2306.63628205128,2023,2556.7903,0.107142857142857,0.0970873786407767,0.135483870967742,0.0940438871473354,18,30,21,30,0.0807453416149068,0.0852941176470588,13,29,65.7073831983796,Elementary School
233,Nathan Adams Elementary,2024-2025,204,1664.30318471338,2024,2556.7903,0.107142857142857,0.0970873786407767,0.135483870967742,0.0940438871473354,18,30,21,30,0.0807453416149068,0.0852941176470588,13,29,79.7875367408895,Elementary School
234,Gonzalez Elementary,2017-2018,16,1071.8125,2017,574.4782,0.0497737556561086,0.0542452830188679,0.0333333333333333,0.0299539170506912,11,23,7,13,0.076,0.0717299578059072,19,34,27.8513614615838,Elementary School
234,Gonzalez Elementary,2018-2019,18,730.277777777778,2018,574.4782,0.0497737556561086,0.0542452830188679,0.0333333333333333,0.0299539170506912,11,23,7,13,0.076,0.0717299578059072,19,34,31.3327816442817,Elementary School
234,Gonzalez Elementary,2019-2020,11,626.818181818182,2019,574.4782,0.0497737556561086,0.0542452830188679,0.0333333333333333,0.0299539170506912,11,23,7,13,0.076,0.0717299578059072,19,34,19.1478110048388,Elementary School
234,Gonzalez Elementary,2020-2021,12,456.818181818182,2020,574.4782,0.0497737556561086,0.0542452830188679,0.0333333333333333,0.0299539170506912,11,23,7,13,0.076,0.0717299578059072,19,34,20.8885210961878,Elementary School
234,Gonzalez Elementary,2021-2022,18,1128.23277777778,2021,574.4782,0.0497737556561086,0.0542452830188679,0.0333333333333333,0.0299539170506912,11,23,7,13,0.076,0.0717299578059072,19,34,31.3327816442817,Elementary School
234,Gonzalez Elementary,2022-2023,7,3405,2022,574.4782,0.0497737556561086,0.0542452830188679,0.0333333333333333,0.0299539170506912,11,23,7,13,0.076,0.0717299578059072,19,34,12.1849706394429,Elementary School
234,Gonzalez Elementary,2023-2024,15,2930.28125,2023,574.4782,0.0497737556561086,0.0542452830188679,0.0333333333333333,0.0299539170506912,11,23,7,13,0.076,0.0717299578059072,19,34,26.1106513702348,Elementary School
234,Gonzalez Elementary,2024-2025,17,4332.725,2024,574.4782,0.0497737556561086,0.0542452830188679,0.0333333333333333,0.0299539170506912,11,23,7,13,0.076,0.0717299578059072,19,34,29.5920715529327,Elementary School
235,Alexander Elementary,2017-2018,210,1112.07419047619,2017,1012.6909,0.122448979591837,0.119402985074627,0.125,0.150753768844221,12,24,13,30,0.132530120481928,0.1,11,18,207.368309520704,Elementary School
235,Alexander Elementary,2018-2019,222,1202.52963963964,2018,1012.6909,0.122448979591837,0.119402985074627,0.125,0.150753768844221,12,24,13,30,0.132530120481928,0.1,11,18,219.217927207601,Elementary School
235,Alexander Elementary,2019-2020,77,1478.63363636364,2019,1012.6909,0.122448979591837,0.119402985074627,0.125,0.150753768844221,12,24,13,30,0.132530120481928,0.1,11,18,76.035046824258,Elementary School
235,Alexander Elementary,2020-2021,50,3137.36612903226,2020,1012.6909,0.122448979591837,0.119402985074627,0.125,0.150753768844221,12,24,13,30,0.132530120481928,0.1,11,18,49.373407028739,Elementary School
235,Alexander Elementary,2021-2022,50,2613.083,2021,1012.6909,0.122448979591837,0.119402985074627,0.125,0.150753768844221,12,24,13,30,0.132530120481928,0.1,11,18,49.373407028739,Elementary School
235,Alexander Elementary,2022-2023,122,3670.90923809524,2022,1012.6909,0.122448979591837,0.119402985074627,0.125,0.150753768844221,12,24,13,30,0.132530120481928,0.1,11,18,120.471113150123,Elementary School
235,Alexander Elementary,2023-2024,82,4578.04486111111,2023,1012.6909,0.122448979591837,0.119402985074627,0.125,0.150753768844221,12,24,13,30,0.132530120481928,0.1,11,18,80.9723875271319,Elementary School
235,Alexander Elementary,2024-2025,125,6191.97801980198,2024,1012.6909,0.122448979591837,0.119402985074627,0.125,0.150753768844221,12,24,13,30,0.132530120481928,0.1,11,18,123.433517571847,Elementary School
236,Cochran Elementary,2017-2018,85,1399.90011764706,2017,190.8738,0.174863387978142,0.167553191489362,0.174157303370787,0.174285714285714,32,63,31,61,0.171428571428571,0.13677811550152,30,45,445.320415897834,Elementary School
236,Cochran Elementary,2018-2019,124,964.183467741936,2018,190.8738,0.174863387978142,0.167553191489362,0.174157303370787,0.174285714285714,32,63,31,61,0.171428571428571,0.13677811550152,30,45,649.643900839193,Elementary School
236,Cochran Elementary,2019-2020,106,690.710660377359,2019,190.8738,0.174863387978142,0.167553191489362,0.174157303370787,0.174285714285714,32,63,31,61,0.171428571428571,0.13677811550152,30,45,555.340753943182,Elementary School
236,Cochran Elementary,2020-2021,40,2551.54825,2020,190.8738,0.174863387978142,0.167553191489362,0.174157303370787,0.174285714285714,32,63,31,61,0.171428571428571,0.13677811550152,30,45,209.562548657804,Elementary School
236,Cochran Elementary,2021-2022,98,2398.18,2021,190.8738,0.174863387978142,0.167553191489362,0.174157303370787,0.174285714285714,32,63,31,61,0.171428571428571,0.13677811550152,30,45,513.428244211621,Elementary School
236,Cochran Elementary,2022-2023,39,3526.41717948718,2022,190.8738,0.174863387978142,0.167553191489362,0.174157303370787,0.174285714285714,32,63,31,61,0.171428571428571,0.13677811550152,30,45,204.323484941359,Elementary School
236,Cochran Elementary,2023-2024,100,6054.15847826087,2023,190.8738,0.174863387978142,0.167553191489362,0.174157303370787,0.174285714285714,32,63,31,61,0.171428571428571,0.13677811550152,30,45,523.906371644511,Elementary School
236,Cochran Elementary,2024-2025,70,2900.60440677966,2024,190.8738,0.174863387978142,0.167553191489362,0.174157303370787,0.174285714285714,32,63,31,61,0.171428571428571,0.13677811550152,30,45,366.734460151158,Elementary School
237,Runyon Elementary,2017-2018,39,986.820512820513,2017,488.039,0.0918367346938776,0.106951871657754,0.138297872340426,0.114882506527415,18,40,26,44,0.0966183574879227,0.104738154613466,20,42,79.9116464053078,Elementary School
237,Runyon Elementary,2018-2019,45,1382.84933333333,2018,488.039,0.0918367346938776,0.106951871657754,0.138297872340426,0.114882506527415,18,40,26,44,0.0966183574879227,0.104738154613466,20,42,92.2057458522782,Elementary School
237,Runyon Elementary,2019-2020,45,1427.57177777778,2019,488.039,0.0918367346938776,0.106951871657754,0.138297872340426,0.114882506527415,18,40,26,44,0.0966183574879227,0.104738154613466,20,42,92.2057458522782,Elementary School
237,Runyon Elementary,2020-2021,46,2309.70243902439,2020,488.039,0.0918367346938776,0.106951871657754,0.138297872340426,0.114882506527415,18,40,26,44,0.0966183574879227,0.104738154613466,20,42,94.2547624267733,Elementary School
237,Runyon Elementary,2021-2022,57,1721.55403508772,2021,488.039,0.0918367346938776,0.106951871657754,0.138297872340426,0.114882506527415,18,40,26,44,0.0966183574879227,0.104738154613466,20,42,116.793944746219,Elementary School
237,Runyon Elementary,2022-2023,32,6791.2952,2022,488.039,0.0918367346938776,0.106951871657754,0.138297872340426,0.114882506527415,18,40,26,44,0.0966183574879227,0.104738154613466,20,42,65.5685303838423,Elementary School
237,Runyon Elementary,2023-2024,35,4301.41571428571,2023,488.039,0.0918367346938776,0.106951871657754,0.138297872340426,0.114882506527415,18,40,26,44,0.0966183574879227,0.104738154613466,20,42,71.7155801073275,Elementary School
237,Runyon Elementary,2024-2025,34,3228.302,2024,488.039,0.0918367346938776,0.106951871657754,0.138297872340426,0.114882506527415,18,40,26,44,0.0966183574879227,0.104738154613466,20,42,69.6665635328324,Elementary School
239,Salazar Elementary,2017-2018,8,1468.69,2017,365.8993,0.0331491712707182,0.0191780821917808,0.0222222222222222,0.0314285714285714,6,7,4,11,0.0263157894736842,0.0340909090909091,5,12,21.8639390673882,Elementary School
239,Salazar Elementary,2018-2019,16,917.395625,2018,365.8993,0.0331491712707182,0.0191780821917808,0.0222222222222222,0.0314285714285714,6,7,4,11,0.0263157894736842,0.0340909090909091,5,12,43.7278781347764,Elementary School
239,Salazar Elementary,2019-2020,8,637.5,2019,365.8993,0.0331491712707182,0.0191780821917808,0.0222222222222222,0.0314285714285714,6,7,4,11,0.0263157894736842,0.0340909090909091,5,12,21.8639390673882,Elementary School
239,Salazar Elementary,2020-2021,6,1790,2020,365.8993,0.0331491712707182,0.0191780821917808,0.0222222222222222,0.0314285714285714,6,7,4,11,0.0263157894736842,0.0340909090909091,5,12,16.3979543005412,Elementary School
239,Salazar Elementary,2021-2022,10,2322.936,2021,365.8993,0.0331491712707182,0.0191780821917808,0.0222222222222222,0.0314285714285714,6,7,4,11,0.0263157894736842,0.0340909090909091,5,12,27.3299238342353,Elementary School
239,Salazar Elementary,2022-2023,6,4735.5,2022,365.8993,0.0331491712707182,0.0191780821917808,0.0222222222222222,0.0314285714285714,6,7,4,11,0.0263157894736842,0.0340909090909091,5,12,16.3979543005412,Elementary School
239,Salazar Elementary,2023-2024,10,6431.66666666667,2023,365.8993,0.0331491712707182,0.0191780821917808,0.0222222222222222,0.0314285714285714,6,7,4,11,0.0263157894736842,0.0340909090909091,5,12,27.3299238342353,Elementary School
239,Salazar Elementary,2024-2025,8,5000,2024,365.8993,0.0331491712707182,0.0191780821917808,0.0222222222222222,0.0314285714285714,6,7,4,11,0.0263157894736842,0.0340909090909091,5,12,21.8639390673882,Elementary School
240,Guzick Elementary,2017-2018,331,786.829033232628,2017,1894.151,0.134020618556701,0.139372822299652,0.14453125,0.143129770992366,39,80,37,75,0.167857142857143,0.167557932263815,47,94,174.748475702307,Elementary School
240,Guzick Elementary,2018-2019,210,810.057380952381,2018,1894.151,0.134020618556701,0.139372822299652,0.14453125,0.143129770992366,39,80,37,75,0.167857142857143,0.167557932263815,47,94,110.867612983337,Elementary School
240,Guzick Elementary,2019-2020,204,862.010931372549,2019,1894.151,0.134020618556701,0.139372822299652,0.14453125,0.143129770992366,39,80,37,75,0.167857142857143,0.167557932263815,47,94,107.699966898098,Elementary School
240,Guzick Elementary,2020-2021,103,1795.67934782609,2020,1894.151,0.134020618556701,0.139372822299652,0.14453125,0.143129770992366,39,80,37,75,0.167857142857143,0.167557932263815,47,94,54.3779244632556,Elementary School
240,Guzick Elementary,2021-2022,181,2404.31144444444,2021,1894.151,0.134020618556701,0.139372822299652,0.14453125,0.143129770992366,39,80,37,75,0.167857142857143,0.167557932263815,47,94,95.557323571352,Elementary School
240,Guzick Elementary,2022-2023,197,2737.99068571429,2022,1894.151,0.134020618556701,0.139372822299652,0.14453125,0.143129770992366,39,80,37,75,0.167857142857143,0.167557932263815,47,94,104.004379798654,Elementary School
240,Guzick Elementary,2023-2024,197,2067.71763779528,2023,1894.151,0.134020618556701,0.139372822299652,0.14453125,0.143129770992366,39,80,37,75,0.167857142857143,0.167557932263815,47,94,104.004379798654,Elementary School
240,Guzick Elementary,2024-2025,165,2166.96187919463,2024,1894.151,0.134020618556701,0.139372822299652,0.14453125,0.143129770992366,39,80,37,75,0.167857142857143,0.167557932263815,47,94,87.1102673440502,Elementary School
244,Seagoville North Elementary,2017-2018,117,937.51452991453,2017,729.0702,0.0555555555555556,0.0878962536023055,0.0824742268041237,0.0899031811894882,20,61,32,65,0.0555555555555556,0.0697350069735007,20,50,160.478373687472,Elementary School
244,Seagoville North Elementary,2018-2019,96,899.157291666667,2018,729.0702,0.0555555555555556,0.0878962536023055,0.0824742268041237,0.0899031811894882,20,61,32,65,0.0555555555555556,0.0697350069735007,20,50,131.674563025618,Elementary School
244,Seagoville North Elementary,2019-2020,124,999.155806451613,2019,729.0702,0.0555555555555556,0.0878962536023055,0.0824742268041237,0.0899031811894882,20,61,32,65,0.0555555555555556,0.0697350069735007,20,50,170.07964390809,Elementary School
244,Seagoville North Elementary,2020-2021,70,1420.27323529412,2020,729.0702,0.0555555555555556,0.0878962536023055,0.0824742268041237,0.0899031811894882,20,61,32,65,0.0555555555555556,0.0697350069735007,20,50,96.0127022061799,Elementary School
244,Seagoville North Elementary,2021-2022,71,2107.5831884058,2021,729.0702,0.0555555555555556,0.0878962536023055,0.0824742268041237,0.0899031811894882,20,61,32,65,0.0555555555555556,0.0697350069735007,20,50,97.3843122376967,Elementary School
244,Seagoville North Elementary,2022-2023,97,3206.46224719101,2022,729.0702,0.0555555555555556,0.0878962536023055,0.0824742268041237,0.0899031811894882,20,61,32,65,0.0555555555555556,0.0697350069735007,20,50,133.046173057135,Elementary School
244,Seagoville North Elementary,2023-2024,95,2638.75098901099,2023,729.0702,0.0555555555555556,0.0878962536023055,0.0824742268041237,0.0899031811894882,20,61,32,65,0.0555555555555556,0.0697350069735007,20,50,130.302952994101,Elementary School
244,Seagoville North Elementary,2024-2025,130,2056.23270588235,2024,729.0702,0.0555555555555556,0.0878962536023055,0.0824742268041237,0.0899031811894882,20,61,32,65,0.0555555555555556,0.0697350069735007,20,50,178.309304097191,Elementary School
247,Callejo Elementary,2017-2018,167,1008.25185628743,2017,696.2757,0.102564102564103,0.117096018735363,0.0711462450592885,0.0707964601769912,24,50,18,32,0.0984251968503937,0.105154639175258,25,51,239.84752017053,Elementary School
247,Callejo Elementary,2018-2019,184,892.778097826087,2018,696.2757,0.102564102564103,0.117096018735363,0.0711462450592885,0.0707964601769912,24,50,18,32,0.0984251968503937,0.105154639175258,25,51,264.263135996273,Elementary School
247,Callejo Elementary,2019-2020,99,890.068888888889,2019,696.2757,0.102564102564103,0.117096018735363,0.0711462450592885,0.0707964601769912,24,50,18,32,0.0984251968503937,0.105154639175258,25,51,142.18505686756,Elementary School
247,Callejo Elementary,2020-2021,87,730.43012987013,2020,696.2757,0.102564102564103,0.117096018735363,0.0711462450592885,0.0707964601769912,24,50,18,32,0.0984251968503937,0.105154639175258,25,51,124.950504519977,Elementary School
247,Callejo Elementary,2021-2022,143,2556.25144927536,2021,696.2757,0.102564102564103,0.117096018735363,0.0711462450592885,0.0707964601769912,24,50,18,32,0.0984251968503937,0.105154639175258,25,51,205.378415475364,Elementary School
247,Callejo Elementary,2022-2023,152,3335.6035862069,2022,696.2757,0.102564102564103,0.117096018735363,0.0711462450592885,0.0707964601769912,24,50,18,32,0.0984251968503937,0.105154639175258,25,51,218.304329736051,Elementary School
247,Callejo Elementary,2023-2024,130,4681.40892473118,2023,696.2757,0.102564102564103,0.117096018735363,0.0711462450592885,0.0707964601769912,24,50,18,32,0.0984251968503937,0.105154639175258,25,51,186.707650432149,Elementary School
247,Callejo Elementary,2024-2025,69,4058.81160714286,2024,696.2757,0.102564102564103,0.117096018735363,0.0711462450592885,0.0707964601769912,24,50,18,32,0.0984251968503937,0.105154639175258,25,51,99.0986759986023,Elementary School
250,Young Jr Elementary,2017-2018,113,1299.15637168142,2017,1589.2648,0.15,0.122448979591837,0.0802469135802469,0.114093959731544,21,36,13,34,0.102941176470588,0.0981132075471698,14,26,71.1020592666496,Elementary School
250,Young Jr Elementary,2018-2019,94,1495.58978723404,2018,1589.2648,0.15,0.122448979591837,0.0802469135802469,0.114093959731544,21,36,13,34,0.102941176470588,0.0981132075471698,14,26,59.1468457616377,Elementary School
250,Young Jr Elementary,2019-2020,53,2081.88679245283,2019,1589.2648,0.15,0.122448979591837,0.0802469135802469,0.114093959731544,21,36,13,34,0.102941176470588,0.0981132075471698,14,26,33.3487534613489,Elementary School
250,Young Jr Elementary,2020-2021,58,2220.368,2020,1589.2648,0.15,0.122448979591837,0.0802469135802469,0.114093959731544,21,36,13,34,0.102941176470588,0.0981132075471698,14,26,36.4948622784573,Elementary School
250,Young Jr Elementary,2021-2022,98,3433.68387755102,2021,1589.2648,0.15,0.122448979591837,0.0802469135802469,0.114093959731544,21,36,13,34,0.102941176470588,0.0981132075471698,14,26,61.6637328153244,Elementary School
250,Young Jr Elementary,2022-2023,152,4514.74338129496,2022,1589.2648,0.15,0.122448979591837,0.0802469135802469,0.114093959731544,21,36,13,34,0.102941176470588,0.0981132075471698,14,26,95.641708040095,Elementary School
250,Young Jr Elementary,2023-2024,102,3928.38593023256,2023,1589.2648,0.15,0.122448979591837,0.0802469135802469,0.114093959731544,21,36,13,34,0.102941176470588,0.0981132075471698,14,26,64.1806198690111,Elementary School
250,Young Jr Elementary,2024-2025,155,3474.48575,2024,1589.2648,0.15,0.122448979591837,0.0802469135802469,0.114093959731544,21,36,13,34,0.102941176470588,0.0981132075471698,14,26,97.5293733303601,Elementary School
260,De Zavala Elementary,2017-2018,5,1493,2017,165.8117,0.037593984962406,0.0476190476190476,0.0774193548387097,0.0809859154929578,5,13,12,23,0.023121387283237,0.0376175548589342,4,12,30.1546875160197,Elementary School
260,De Zavala Elementary,2018-2019,8,2941.225,2018,165.8117,0.037593984962406,0.0476190476190476,0.0774193548387097,0.0809859154929578,5,13,12,23,0.023121387283237,0.0376175548589342,4,12,48.2475000256315,Elementary School
260,De Zavala Elementary,2019-2020,7,1587,2019,165.8117,0.037593984962406,0.0476190476190476,0.0774193548387097,0.0809859154929578,5,13,12,23,0.023121387283237,0.0376175548589342,4,12,42.2165625224276,Elementary School
260,De Zavala Elementary,2020-2021,3,1066.66666666667,2020,165.8117,0.037593984962406,0.0476190476190476,0.0774193548387097,0.0809859154929578,5,13,12,23,0.023121387283237,0.0376175548589342,4,12,18.0928125096118,Elementary School
260,De Zavala Elementary,2021-2022,2,1048.335,2021,165.8117,0.037593984962406,0.0476190476190476,0.0774193548387097,0.0809859154929578,5,13,12,23,0.023121387283237,0.0376175548589342,4,12,12.0618750064079,Elementary School
260,De Zavala Elementary,2023-2024,6,2462.5,2023,165.8117,0.037593984962406,0.0476190476190476,0.0774193548387097,0.0809859154929578,5,13,12,23,0.023121387283237,0.0376175548589342,4,12,36.1856250192236,Elementary School
260,De Zavala Elementary,2024-2025,5,5120,2024,165.8117,0.037593984962406,0.0476190476190476,0.0774193548387097,0.0809859154929578,5,13,12,23,0.023121387283237,0.0376175548589342,4,12,30.1546875160197,Elementary School
263,Starks Elementary,2017-2018,126,1282.84920634921,2017,1112.5564,0.25,0.21301775147929,0.252873563218391,0.259036144578313,23,36,22,43,0.17283950617284,0.178571428571429,14,30,113.252685436891,Elementary School
263,Starks Elementary,2018-2019,236,964.758474576271,2018,1112.5564,0.25,0.21301775147929,0.252873563218391,0.259036144578313,23,36,22,43,0.17283950617284,0.178571428571429,14,30,212.124077484971,Elementary School
263,Starks Elementary,2019-2020,234,842.153632478633,2019,1112.5564,0.25,0.21301775147929,0.252873563218391,0.259036144578313,23,36,22,43,0.17283950617284,0.178571428571429,14,30,210.326415811369,Elementary School
263,Starks Elementary,2020-2021,167,1968.06812121212,2020,1112.5564,0.25,0.21301775147929,0.252873563218391,0.259036144578313,23,36,22,43,0.17283950617284,0.178571428571429,14,30,150.104749745721,Elementary School
263,Starks Elementary,2021-2022,155,4120.42703225806,2021,1112.5564,0.25,0.21301775147929,0.252873563218391,0.259036144578313,23,36,22,43,0.17283950617284,0.178571428571429,14,30,139.318779704112,Elementary School
263,Starks Elementary,2022-2023,254,2986.06738396624,2022,1112.5564,0.25,0.21301775147929,0.252873563218391,0.259036144578313,23,36,22,43,0.17283950617284,0.178571428571429,14,30,228.303032547384,Elementary School
263,Starks Elementary,2023-2024,262,2497.60105058366,2023,1112.5564,0.25,0.21301775147929,0.252873563218391,0.259036144578313,23,36,22,43,0.17283950617284,0.178571428571429,14,30,235.49367924179,Elementary School
263,Starks Elementary,2024-2025,258,1790.89445652174,2024,1112.5564,0.25,0.21301775147929,0.252873563218391,0.259036144578313,23,36,22,43,0.17283950617284,0.178571428571429,14,30,231.898355894587,Elementary School
264,McNair Elementary,2017-2018,454,1111.10889867841,2017,3284.4657,0.276,0.234375,0.253658536585366,0.229591836734694,69,105,52,90,0.21,0.205882352941176,42,84,138.226439691546,Elementary School
264,McNair Elementary,2018-2019,607,1110.89060955519,2018,3284.4657,0.276,0.234375,0.253658536585366,0.229591836734694,69,105,52,90,0.21,0.205882352941176,42,84,184.809358794644,Elementary School
264,McNair Elementary,2019-2020,538,1277.57918215613,2019,3284.4657,0.276,0.234375,0.253658536585366,0.229591836734694,69,105,52,90,0.21,0.205882352941176,42,84,163.801375669717,Elementary School
264,McNair Elementary,2020-2021,345,2426.50071875,2020,3284.4657,0.276,0.234375,0.253658536585366,0.229591836734694,69,105,52,90,0.21,0.205882352941176,42,84,105.039915624633,Elementary School
264,McNair Elementary,2021-2022,562,2747.25543828265,2021,3284.4657,0.276,0.234375,0.253658536585366,0.229591836734694,69,105,52,90,0.21,0.205882352941176,42,84,171.108500234909,Elementary School
264,McNair Elementary,2022-2023,582,3493.72530685921,2022,3284.4657,0.276,0.234375,0.253658536585366,0.229591836734694,69,105,52,90,0.21,0.205882352941176,42,84,177.197770705902,Elementary School
264,McNair Elementary,2023-2024,560,4119.77247252747,2023,3284.4657,0.276,0.234375,0.253658536585366,0.229591836734694,69,105,52,90,0.21,0.205882352941176,42,84,170.49957318781,Elementary School
264,McNair Elementary,2024-2025,565,3090.95300403226,2024,3284.4657,0.276,0.234375,0.253658536585366,0.229591836734694,69,105,52,90,0.21,0.205882352941176,42,84,172.021890805558,Elementary School
265,Martinez Learning Center,2017-2018,52,664.967692307692,2017,1278.8455,0.0776255707762557,0.0829596412556054,0.0956521739130435,0.106430155210643,17,37,22,48,0.0837209302325582,0.0833333333333333,18,35,40.6616749247661,Elementary School
265,Martinez Learning Center,2018-2019,23,1176.19565217391,2018,1278.8455,0.0776255707762557,0.0829596412556054,0.0956521739130435,0.106430155210643,17,37,22,48,0.0837209302325582,0.0833333333333333,18,35,17.9849716013389,Elementary School
265,Martinez Learning Center,2019-2020,32,1242.7421875,2019,1278.8455,0.0776255707762557,0.0829596412556054,0.0956521739130435,0.106430155210643,17,37,22,48,0.0837209302325582,0.0833333333333333,18,35,25.0225691844715,Elementary School
265,Martinez Learning Center,2020-2021,15,1543.38461538462,2020,1278.8455,0.0776255707762557,0.0829596412556054,0.0956521739130435,0.106430155210643,17,37,22,48,0.0837209302325582,0.0833333333333333,18,35,11.729329305221,Elementary School
265,Martinez Learning Center,2021-2022,17,2129.18117647059,2021,1278.8455,0.0776255707762557,0.0829596412556054,0.0956521739130435,0.106430155210643,17,37,22,48,0.0837209302325582,0.0833333333333333,18,35,13.2932398792505,Elementary School
265,Martinez Learning Center,2022-2023,17,2755.55555555556,2022,1278.8455,0.0776255707762557,0.0829596412556054,0.0956521739130435,0.106430155210643,17,37,22,48,0.0837209302325582,0.0833333333333333,18,35,13.2932398792505,Elementary School
265,Martinez Learning Center,2023-2024,34,5199.695,2023,1278.8455,0.0776255707762557,0.0829596412556054,0.0956521739130435,0.106430155210643,17,37,22,48,0.0837209302325582,0.0833333333333333,18,35,26.5864797585009,Elementary School
265,Martinez Learning Center,2024-2025,44,3232.74944444445,2024,1278.8455,0.0776255707762557,0.0829596412556054,0.0956521739130435,0.106430155210643,17,37,22,48,0.0837209302325582,0.0833333333333333,18,35,34.4060326286483,Elementary School
266,Douglass Elementary,2017-2018,92,1279.40206521739,2017,1504.2631,0.153439153439153,0.150649350649351,0.0994475138121547,0.144927536231884,29,58,18,50,0.153061224489796,0.143661971830986,30,51,61.1595139174789,Elementary School
266,Douglass Elementary,2018-2019,94,1450.94808510638,2018,1504.2631,0.153439153439153,0.150649350649351,0.0994475138121547,0.144927536231884,29,58,18,50,0.153061224489796,0.143661971830986,30,51,62.4890685678589,Elementary School
266,Douglass Elementary,2019-2020,81,1515.43135802469,2019,1504.2631,0.153439153439153,0.150649350649351,0.0994475138121547,0.144927536231884,29,58,18,50,0.153061224489796,0.143661971830986,30,51,53.8469633403891,Elementary School
266,Douglass Elementary,2020-2021,37,1766.17648648649,2020,1504.2631,0.153439153439153,0.150649350649351,0.0994475138121547,0.144927536231884,29,58,18,50,0.153061224489796,0.143661971830986,30,51,24.5967610320296,Elementary School
266,Douglass Elementary,2021-2022,64,3048.8446875,2021,1504.2631,0.153439153439153,0.150649350649351,0.0994475138121547,0.144927536231884,29,58,18,50,0.153061224489796,0.143661971830986,30,51,42.5457488121593,Elementary School
266,Douglass Elementary,2022-2023,67,2629.68142857143,2022,1504.2631,0.153439153439153,0.150649350649351,0.0994475138121547,0.144927536231884,29,58,18,50,0.153061224489796,0.143661971830986,30,51,44.5400807877292,Elementary School
266,Douglass Elementary,2023-2024,131,3781.71731481482,2023,1504.2631,0.153439153439153,0.150649350649351,0.0994475138121547,0.144927536231884,29,58,18,50,0.153061224489796,0.143661971830986,30,51,87.0858295998885,Elementary School
266,Douglass Elementary,2024-2025,84,3315.50430555556,2024,1504.2631,0.153439153439153,0.150649350649351,0.0994475138121547,0.144927536231884,29,58,18,50,0.153061224489796,0.143661971830986,30,51,55.841295315959,Elementary School
271,Saldivar Elementary,2017-2018,180,409.826944444445,2017,1524.0112,0.116363636363636,0.116724738675958,0.115942028985507,0.0934256055363322,32,67,32,54,0.1,0.0866013071895425,32,53,118.109368225115,Elementary School
271,Saldivar Elementary,2018-2019,214,428.112570093458,2018,1524.0112,0.116363636363636,0.116724738675958,0.115942028985507,0.0934256055363322,32,67,32,54,0.1,0.0866013071895425,32,53,140.418915556526,Elementary School
271,Saldivar Elementary,2019-2020,203,729.423596059113,2019,1524.0112,0.116363636363636,0.116724738675958,0.115942028985507,0.0934256055363322,32,67,32,54,0.1,0.0866013071895425,32,53,133.201120831658,Elementary School
271,Saldivar Elementary,2020-2021,29,3337.1272,2020,1524.0112,0.116363636363636,0.116724738675958,0.115942028985507,0.0934256055363322,32,67,32,54,0.1,0.0866013071895425,32,53,19.0287315473797,Elementary School
271,Saldivar Elementary,2021-2022,66,2211.25136363636,2021,1524.0112,0.116363636363636,0.116724738675958,0.115942028985507,0.0934256055363322,32,67,32,54,0.1,0.0866013071895425,32,53,43.306768349209,Elementary School
271,Saldivar Elementary,2022-2023,63,2256.95466666667,2022,1524.0112,0.116363636363636,0.116724738675958,0.115942028985507,0.0934256055363322,32,67,32,54,0.1,0.0866013071895425,32,53,41.3382788787904,Elementary School
271,Saldivar Elementary,2023-2024,75,3016.85406779661,2023,1524.0112,0.116363636363636,0.116724738675958,0.115942028985507,0.0934256055363322,32,67,32,54,0.1,0.0866013071895425,32,53,49.2122367604648,Elementary School
271,Saldivar Elementary,2024-2025,55,2338.64885714286,2024,1524.0112,0.116363636363636,0.116724738675958,0.115942028985507,0.0934256055363322,32,67,32,54,0.1,0.0866013071895425,32,53,36.0889736243408,Elementary School
272,Moreno Elementary,2017-2018,14,1900.78571428571,2017,858.6383,0.04,0.0408163265306122,0.0135135135135135,0.0431893687707641,6,12,2,13,0.0192307692307692,0.0251572327044025,3,8,16.3048864696578,Elementary School
272,Moreno Elementary,2018-2019,18,1502.96944444444,2018,858.6383,0.04,0.0408163265306122,0.0135135135135135,0.0431893687707641,6,12,2,13,0.0192307692307692,0.0251572327044025,3,8,20.9634254609886,Elementary School
272,Moreno Elementary,2019-2020,9,1861.17222222222,2019,858.6383,0.04,0.0408163265306122,0.0135135135135135,0.0431893687707641,6,12,2,13,0.0192307692307692,0.0251572327044025,3,8,10.4817127304943,Elementary School
272,Moreno Elementary,2020-2021,9,1842.5,2020,858.6383,0.04,0.0408163265306122,0.0135135135135135,0.0431893687707641,6,12,2,13,0.0192307692307692,0.0251572327044025,3,8,10.4817127304943,Elementary School
272,Moreno Elementary,2021-2022,7,3585.42857142857,2021,858.6383,0.04,0.0408163265306122,0.0135135135135135,0.0431893687707641,6,12,2,13,0.0192307692307692,0.0251572327044025,3,8,8.15244323482892,Elementary School
272,Moreno Elementary,2022-2023,5,6041,2022,858.6383,0.04,0.0408163265306122,0.0135135135135135,0.0431893687707641,6,12,2,13,0.0192307692307692,0.0251572327044025,3,8,5.82317373916351,Elementary School
272,Moreno Elementary,2023-2024,12,1621.11111111111,2023,858.6383,0.04,0.0408163265306122,0.0135135135135135,0.0431893687707641,6,12,2,13,0.0192307692307692,0.0251572327044025,3,8,13.9756169739924,Elementary School
272,Moreno Elementary,2024-2025,30,4730.79769230769,2024,858.6383,0.04,0.0408163265306122,0.0135135135135135,0.0431893687707641,6,12,2,13,0.0192307692307692,0.0251572327044025,3,8,34.9390424349811,Elementary School
273,Pleasant Grove Elementary,2017-2018,28,1084.39285714286,2017,320.8933,0.111111111111111,0.0977653631284916,0.0561224489795918,0.044973544973545,21,35,11,17,0.078125,0.0652741514360313,15,25,87.2564182549153,Elementary School
273,Pleasant Grove Elementary,2018-2019,36,1459.04166666667,2018,320.8933,0.111111111111111,0.0977653631284916,0.0561224489795918,0.044973544973545,21,35,11,17,0.078125,0.0652741514360313,15,25,112.186823470605,Elementary School
273,Pleasant Grove Elementary,2019-2020,24,1971.675,2019,320.8933,0.111111111111111,0.0977653631284916,0.0561224489795918,0.044973544973545,21,35,11,17,0.078125,0.0652741514360313,15,25,74.7912156470702,Elementary School
273,Pleasant Grove Elementary,2020-2021,18,1742.81764705882,2020,320.8933,0.111111111111111,0.0977653631284916,0.0561224489795918,0.044973544973545,21,35,11,17,0.078125,0.0652741514360313,15,25,56.0934117353027,Elementary School
273,Pleasant Grove Elementary,2021-2022,16,1491.5125,2021,320.8933,0.111111111111111,0.0977653631284916,0.0561224489795918,0.044973544973545,21,35,11,17,0.078125,0.0652741514360313,15,25,49.8608104313801,Elementary School
273,Pleasant Grove Elementary,2022-2023,22,3933.29411764706,2022,320.8933,0.111111111111111,0.0977653631284916,0.0561224489795918,0.044973544973545,21,35,11,17,0.078125,0.0652741514360313,15,25,68.5586143431477,Elementary School
273,Pleasant Grove Elementary,2023-2024,28,3026.85222222222,2023,320.8933,0.111111111111111,0.0977653631284916,0.0561224489795918,0.044973544973545,21,35,11,17,0.078125,0.0652741514360313,15,25,87.2564182549153,Elementary School
273,Pleasant Grove Elementary,2024-2025,21,3285.16615384615,2024,320.8933,0.111111111111111,0.0977653631284916,0.0561224489795918,0.044973544973545,21,35,11,17,0.078125,0.0652741514360313,15,25,65.4423136911865,Elementary School
274,Bethune Elementary,2017-2018,17,1222.11,2017,810.9163,0.0645161290322581,0.0614406779661017,0.0566801619433198,0.04375,16,29,14,21,0.0297397769516729,0.0355029585798817,8,18,20.9639391882985,Elementary School
274,Bethune Elementary,2018-2019,19,1243.10526315789,2018,810.9163,0.0645161290322581,0.0614406779661017,0.0566801619433198,0.04375,16,29,14,21,0.0297397769516729,0.0355029585798817,8,18,23.4302849751571,Elementary School
274,Bethune Elementary,2019-2020,23,1442.76,2019,810.9163,0.0645161290322581,0.0614406779661017,0.0566801619433198,0.04375,16,29,14,21,0.0297397769516729,0.0355029585798817,8,18,28.3629765488744,Elementary School
274,Bethune Elementary,2020-2021,20,1776.22833333333,2020,810.9163,0.0645161290322581,0.0614406779661017,0.0566801619433198,0.04375,16,29,14,21,0.0297397769516729,0.0355029585798817,8,18,24.6634578685864,Elementary School
274,Bethune Elementary,2021-2022,10,5254.9,2021,810.9163,0.0645161290322581,0.0614406779661017,0.0566801619433198,0.04375,16,29,14,21,0.0297397769516729,0.0355029585798817,8,18,12.3317289342932,Elementary School
274,Bethune Elementary,2022-2023,23,4606.575,2022,810.9163,0.0645161290322581,0.0614406779661017,0.0566801619433198,0.04375,16,29,14,21,0.0297397769516729,0.0355029585798817,8,18,28.3629765488744,Elementary School
274,Bethune Elementary,2023-2024,50,3950.13475,2023,810.9163,0.0645161290322581,0.0614406779661017,0.0566801619433198,0.04375,16,29,14,21,0.0297397769516729,0.0355029585798817,8,18,61.6586446714661,Elementary School
274,Bethune Elementary,2024-2025,50,2529.57583333333,2024,810.9163,0.0645161290322581,0.0614406779661017,0.0566801619433198,0.04375,16,29,14,21,0.0297397769516729,0.0355029585798817,8,18,61.6586446714661,Elementary School
275,Kahn Elementary,2017-2018,72,924.063055555556,2017,925.9394,0.10377358490566,0.0818858560794045,0.0384615384615385,0.0491400491400491,22,33,8,20,0.0377358490566038,0.0321782178217822,8,13,77.7588684529463,Elementary School
275,Kahn Elementary,2018-2019,69,834.240869565218,2018,925.9394,0.10377358490566,0.0818858560794045,0.0384615384615385,0.0491400491400491,22,33,8,20,0.0377358490566038,0.0321782178217822,8,13,74.5189156007402,Elementary School
275,Kahn Elementary,2019-2020,76,929.581052631579,2019,925.9394,0.10377358490566,0.0818858560794045,0.0384615384615385,0.0491400491400491,22,33,8,20,0.0377358490566038,0.0321782178217822,8,13,82.0788055892211,Elementary School
275,Kahn Elementary,2020-2021,56,2203.55518518519,2020,925.9394,0.10377358490566,0.0818858560794045,0.0384615384615385,0.0491400491400491,22,33,8,20,0.0377358490566038,0.0321782178217822,8,13,60.4791199078471,Elementary School
275,Kahn Elementary,2021-2022,69,2983.57397058824,2021,925.9394,0.10377358490566,0.0818858560794045,0.0384615384615385,0.0491400491400491,22,33,8,20,0.0377358490566038,0.0321782178217822,8,13,74.5189156007402,Elementary School
275,Kahn Elementary,2022-2023,53,2424.71063829787,2022,925.9394,0.10377358490566,0.0818858560794045,0.0384615384615385,0.0491400491400491,22,33,8,20,0.0377358490566038,0.0321782178217822,8,13,57.239167055641,Elementary School
275,Kahn Elementary,2023-2024,53,6184.37659090909,2023,925.9394,0.10377358490566,0.0818858560794045,0.0384615384615385,0.0491400491400491,22,33,8,20,0.0377358490566038,0.0321782178217822,8,13,57.239167055641,Elementary School
275,Kahn Elementary,2024-2025,23,3938.74235294118,2024,925.9394,0.10377358490566,0.0818858560794045,0.0384615384615385,0.0491400491400491,22,33,8,20,0.0377358490566038,0.0321782178217822,8,13,24.8396385335801,Elementary School
276,Cuellar Sr Elementary,2017-2018,34,2337.48029411765,2017,724.6435,0.0427046263345196,0.0402684563758389,0.0295081967213115,0.034965034965035,12,24,9,20,0.0660377358490566,0.0632688927943761,21,36,46.9196232354254,Elementary School
276,Cuellar Sr Elementary,2018-2019,35,1776.18428571429,2018,724.6435,0.0427046263345196,0.0402684563758389,0.0295081967213115,0.034965034965035,12,24,9,20,0.0660377358490566,0.0632688927943761,21,36,48.2996121541144,Elementary School
276,Cuellar Sr Elementary,2019-2020,25,2066.8512,2019,724.6435,0.0427046263345196,0.0402684563758389,0.0295081967213115,0.034965034965035,12,24,9,20,0.0660377358490566,0.0632688927943761,21,36,34.4997229672246,Elementary School
276,Cuellar Sr Elementary,2020-2021,7,811.857142857143,2020,724.6435,0.0427046263345196,0.0402684563758389,0.0295081967213115,0.034965034965035,12,24,9,20,0.0660377358490566,0.0632688927943761,21,36,9.65992243082288,Elementary School
276,Cuellar Sr Elementary,2021-2022,26,2371.94923076923,2021,724.6435,0.0427046263345196,0.0402684563758389,0.0295081967213115,0.034965034965035,12,24,9,20,0.0660377358490566,0.0632688927943761,21,36,35.8797118859136,Elementary School
276,Cuellar Sr Elementary,2022-2023,18,2427.678,2022,724.6435,0.0427046263345196,0.0402684563758389,0.0295081967213115,0.034965034965035,12,24,9,20,0.0660377358490566,0.0632688927943761,21,36,24.8398005364017,Elementary School
276,Cuellar Sr Elementary,2023-2024,24,4666.71428571429,2023,724.6435,0.0427046263345196,0.0402684563758389,0.0295081967213115,0.034965034965035,12,24,9,20,0.0660377358490566,0.0632688927943761,21,36,33.1197340485356,Elementary School
276,Cuellar Sr Elementary,2024-2025,25,4428.5625,2024,724.6435,0.0427046263345196,0.0402684563758389,0.0295081967213115,0.034965034965035,12,24,9,20,0.0660377358490566,0.0632688927943761,21,36,34.4997229672246,Elementary School
277,Tolbert Elementary,2017-2018,187,937.744385026738,2017,1123.2988,0.0844155844155844,0.105072463768116,0.153284671532847,0.120879120879121,13,29,21,33,0.13768115942029,0.110344827586207,19,32,166.473960445787,Elementary School
277,Tolbert Elementary,2018-2019,174,907.771551724138,2018,1123.2988,0.0844155844155844,0.105072463768116,0.153284671532847,0.120879120879121,13,29,21,33,0.13768115942029,0.110344827586207,19,32,154.900904372016,Elementary School
277,Tolbert Elementary,2019-2020,162,868.794567901235,2019,1123.2988,0.0844155844155844,0.105072463768116,0.153284671532847,0.120879120879121,13,29,21,33,0.13768115942029,0.110344827586207,19,32,144.218083380842,Elementary School
277,Tolbert Elementary,2020-2021,62,2897.25838709677,2020,1123.2988,0.0844155844155844,0.105072463768116,0.153284671532847,0.120879120879121,13,29,21,33,0.13768115942029,0.110344827586207,19,32,55.1945751210631,Elementary School
277,Tolbert Elementary,2021-2022,96,3785.33670212766,2021,1123.2988,0.0844155844155844,0.105072463768116,0.153284671532847,0.120879120879121,13,29,21,33,0.13768115942029,0.110344827586207,19,32,85.462567929388,Elementary School
277,Tolbert Elementary,2022-2023,139,3111.38455223881,2022,1123.2988,0.0844155844155844,0.105072463768116,0.153284671532847,0.120879120879121,13,29,21,33,0.13768115942029,0.110344827586207,19,32,123.742676481093,Elementary School
277,Tolbert Elementary,2023-2024,187,2807.92568181818,2023,1123.2988,0.0844155844155844,0.105072463768116,0.153284671532847,0.120879120879121,13,29,21,33,0.13768115942029,0.110344827586207,19,32,166.473960445787,Elementary School
277,Tolbert Elementary,2024-2025,175,2191.42515625,2024,1123.2988,0.0844155844155844,0.105072463768116,0.153284671532847,0.120879120879121,13,29,21,33,0.13768115942029,0.110344827586207,19,32,155.791139454614,Elementary School
278,Cigarroa Elementary,2017-2018,14,929.132142857143,2017,651.2809,0.106666666666667,0.104477611940299,0.0909090909090909,0.0939759036144578,24,42,19,39,0.092511013215859,0.0885780885780886,21,38,21.4961009911392,Elementary School
278,Cigarroa Elementary,2018-2019,18,829.611111111111,2018,651.2809,0.106666666666667,0.104477611940299,0.0909090909090909,0.0939759036144578,24,42,19,39,0.092511013215859,0.0885780885780886,21,38,27.6378441314646,Elementary School
278,Cigarroa Elementary,2019-2020,25,954.9436,2019,651.2809,0.106666666666667,0.104477611940299,0.0909090909090909,0.0939759036144578,24,42,19,39,0.092511013215859,0.0885780885780886,21,38,38.3858946270342,Elementary School
278,Cigarroa Elementary,2020-2021,12,2271.28125,2020,651.2809,0.106666666666667,0.104477611940299,0.0909090909090909,0.0939759036144578,24,42,19,39,0.092511013215859,0.0885780885780886,21,38,18.4252294209764,Elementary School
278,Cigarroa Elementary,2021-2022,45,2683.15466666667,2021,651.2809,0.106666666666667,0.104477611940299,0.0909090909090909,0.0939759036144578,24,42,19,39,0.092511013215859,0.0885780885780886,21,38,69.0946103286616,Elementary School
278,Cigarroa Elementary,2022-2023,23,2949.36681818182,2022,651.2809,0.106666666666667,0.104477611940299,0.0909090909090909,0.0939759036144578,24,42,19,39,0.092511013215859,0.0885780885780886,21,38,35.3150230568715,Elementary School
278,Cigarroa Elementary,2023-2024,14,4767.56571428571,2023,651.2809,0.106666666666667,0.104477611940299,0.0909090909090909,0.0939759036144578,24,42,19,39,0.092511013215859,0.0885780885780886,21,38,21.4961009911392,Elementary School
278,Cigarroa Elementary,2024-2025,33,2450.32035714286,2024,651.2809,0.106666666666667,0.104477611940299,0.0909090909090909,0.0939759036144578,24,42,19,39,0.092511013215859,0.0885780885780886,21,38,50.6693809076852,Elementary School
279,Junkins Elementary,2017-2018,210,1114.43623809524,2017,5137.9297,0.169354838709677,0.150197628458498,0.153225806451613,0.1375,42,76,38,66,0.173076923076923,0.188524590163934,45,92,40.8724938373524,Elementary School
279,Junkins Elementary,2018-2019,270,948.962518518519,2018,5137.9297,0.169354838709677,0.150197628458498,0.153225806451613,0.1375,42,76,38,66,0.173076923076923,0.188524590163934,45,92,52.5503492194531,Elementary School
279,Junkins Elementary,2019-2020,249,1094.14843373494,2019,5137.9297,0.169354838709677,0.150197628458498,0.153225806451613,0.1375,42,76,38,66,0.173076923076923,0.188524590163934,45,92,48.4630998357179,Elementary School
279,Junkins Elementary,2020-2021,92,2840.1875,2020,5137.9297,0.169354838709677,0.150197628458498,0.153225806451613,0.1375,42,76,38,66,0.173076923076923,0.188524590163934,45,92,17.9060449192211,Elementary School
279,Junkins Elementary,2021-2022,278,2221.48072519084,2021,5137.9297,0.169354838709677,0.150197628458498,0.153225806451613,0.1375,42,76,38,66,0.173076923076923,0.188524590163934,45,92,54.1073966037332,Elementary School
279,Junkins Elementary,2022-2023,278,2720.47853383459,2022,5137.9297,0.169354838709677,0.150197628458498,0.153225806451613,0.1375,42,76,38,66,0.173076923076923,0.188524590163934,45,92,54.1073966037332,Elementary School
279,Junkins Elementary,2023-2024,150,3061.41342857143,2023,5137.9297,0.169354838709677,0.150197628458498,0.153225806451613,0.1375,42,76,38,66,0.173076923076923,0.188524590163934,45,92,29.1946384552517,Elementary School
279,Junkins Elementary,2024-2025,182,2831.63596153846,2024,5137.9297,0.169354838709677,0.150197628458498,0.153225806451613,0.1375,42,76,38,66,0.173076923076923,0.188524590163934,45,92,35.4228279923721,Elementary School
280,Frank Elementary,2017-2018,224,1172.31450892857,2017,8079.6165,0.144578313253012,0.13882863340564,0.144086021505376,0.142217245240762,72,128,67,127,0.111358574610245,0.0958751393534002,50,86,27.7240881420548,Elementary School
280,Frank Elementary,2018-2019,341,1188.96539589443,2018,8079.6165,0.144578313253012,0.13882863340564,0.144086021505376,0.142217245240762,72,128,67,127,0.111358574610245,0.0958751393534002,50,86,42.204973466253,Elementary School
280,Frank Elementary,2019-2020,254,1193.37433070866,2019,8079.6165,0.144578313253012,0.13882863340564,0.144086021505376,0.142217245240762,72,128,67,127,0.111358574610245,0.0958751393534002,50,86,31.43713566108,Elementary School
280,Frank Elementary,2020-2021,191,2653.10635294118,2020,8079.6165,0.144578313253012,0.13882863340564,0.144086021505376,0.142217245240762,72,128,67,127,0.111358574610245,0.0958751393534002,50,86,23.6397358711271,Elementary School
280,Frank Elementary,2021-2022,361,2312.32495798319,2021,8079.6165,0.144578313253012,0.13882863340564,0.144086021505376,0.142217245240762,72,128,67,127,0.111358574610245,0.0958751393534002,50,86,44.6803384789365,Elementary School
280,Frank Elementary,2022-2023,319,2898.01495081967,2022,8079.6165,0.144578313253012,0.13882863340564,0.144086021505376,0.142217245240762,72,128,67,127,0.111358574610245,0.0958751393534002,50,86,39.4820719523012,Elementary School
280,Frank Elementary,2023-2024,418,2230.48949109415,2023,8079.6165,0.144578313253012,0.13882863340564,0.144086021505376,0.142217245240762,72,128,67,127,0.111358574610245,0.0958751393534002,50,86,51.7351287650843,Elementary School
280,Frank Elementary,2024-2025,406,2222.21932307692,2024,8079.6165,0.144578313253012,0.13882863340564,0.144086021505376,0.142217245240762,72,128,67,127,0.111358574610245,0.0958751393534002,50,86,50.2499097574743,Elementary School
281,Chavez Learning Center,2017-2018,410,1213.1683902439,2017,8554.7244,0.233870967741935,0.235789473684211,0.139442231075697,0.137339055793991,58,112,35,64,0.173913043478261,0.189393939393939,44,100,47.9267339109136,Elementary School
281,Chavez Learning Center,2018-2019,458,1263.96168122271,2018,8554.7244,0.233870967741935,0.235789473684211,0.139442231075697,0.137339055793991,58,112,35,64,0.173913043478261,0.189393939393939,44,100,53.5376686126791,Elementary School
281,Chavez Learning Center,2019-2020,357,1318.35302521008,2019,8554.7244,0.233870967741935,0.235789473684211,0.139442231075697,0.137339055793991,58,112,35,64,0.173913043478261,0.189393939393939,44,100,41.7313268443809,Elementary School
281,Chavez Learning Center,2020-2021,171,2625.46535947712,2020,8554.7244,0.233870967741935,0.235789473684211,0.139442231075697,0.137339055793991,58,112,35,64,0.173913043478261,0.189393939393939,44,100,19.9889548750396,Elementary School
281,Chavez Learning Center,2021-2022,503,3429.45137724551,2021,8554.7244,0.233870967741935,0.235789473684211,0.139442231075697,0.137339055793991,58,112,35,64,0.173913043478261,0.189393939393939,44,100,58.7979198955842,Elementary School
281,Chavez Learning Center,2022-2023,616,3816.01909722222,2022,8554.7244,0.233870967741935,0.235789473684211,0.139442231075697,0.137339055793991,58,112,35,64,0.173913043478261,0.189393939393939,44,100,72.0069953393238,Elementary School
281,Chavez Learning Center,2023-2024,824,3149.33067204301,2023,8554.7244,0.233870967741935,0.235789473684211,0.139442231075697,0.137339055793991,58,112,35,64,0.173913043478261,0.189393939393939,44,100,96.321045713641,Elementary School
281,Chavez Learning Center,2024-2025,761,2810.68613223141,2024,8554.7244,0.233870967741935,0.235789473684211,0.139442231075697,0.137339055793991,58,112,35,64,0.173913043478261,0.189393939393939,44,100,88.9566939175738,Elementary School
283,Medrano Elementary,2017-2018,317,1654.57176656151,2017,9072.5209,0.121212121212121,0.123636363636364,0.209150326797386,0.205574912891986,16,34,32,59,0.111940298507463,0.125475285171103,15,33,34.9406745373273,Elementary School
283,Medrano Elementary,2018-2019,462,1416.88329004329,2018,9072.5209,0.121212121212121,0.123636363636364,0.209150326797386,0.205574912891986,16,34,32,59,0.111940298507463,0.125475285171103,15,33,50.9230020070827,Elementary School
283,Medrano Elementary,2019-2020,381,1419.1954855643,2019,9072.5209,0.121212121212121,0.123636363636364,0.209150326797386,0.205574912891986,16,34,32,59,0.111940298507463,0.125475285171103,15,33,41.9949432136332,Elementary School
283,Medrano Elementary,2020-2021,167,3917.30470588235,2020,9072.5209,0.121212121212121,0.123636363636364,0.209150326797386,0.205574912891986,16,34,32,59,0.111940298507463,0.125475285171103,15,33,18.4072323272355,Elementary School
283,Medrano Elementary,2021-2022,364,3841.671966759,2021,9072.5209,0.121212121212121,0.123636363636364,0.209150326797386,0.205574912891986,16,34,32,59,0.111940298507463,0.125475285171103,15,33,40.1211530964894,Elementary School
283,Medrano Elementary,2022-2023,376,4830.26320224719,2022,9072.5209,0.121212121212121,0.123636363636364,0.209150326797386,0.205574912891986,16,34,32,59,0.111940298507463,0.125475285171103,15,33,41.4438284732968,Elementary School
283,Medrano Elementary,2023-2024,486,3812.75985645933,2023,9072.5209,0.121212121212121,0.123636363636364,0.209150326797386,0.205574912891986,16,34,32,59,0.111940298507463,0.125475285171103,15,33,53.5683527606974,Elementary School
283,Medrano Elementary,2024-2025,386,3495.60338078292,2024,9072.5209,0.121212121212121,0.123636363636364,0.209150326797386,0.205574912891986,16,34,32,59,0.111940298507463,0.125475285171103,15,33,42.5460579539696,Elementary School
284,Highland Meadows Elementary,2017-2018,309,903.366116504854,2017,1829.0138,0.148648648648649,0.153005464480874,0.10472972972973,0.112570356472796,44,84,31,60,0.177215189873418,0.174789915966387,56,104,168.943503870775,Elementary School
284,Highland Meadows Elementary,2018-2019,271,860.663948339484,2018,1829.0138,0.148648648648649,0.153005464480874,0.10472972972973,0.112570356472796,44,84,31,60,0.177215189873418,0.174789915966387,56,104,148.167280093786,Elementary School
284,Highland Meadows Elementary,2019-2020,227,819.346519823789,2019,1829.0138,0.148648648648649,0.153005464480874,0.10472972972973,0.112570356472796,44,84,31,60,0.177215189873418,0.174789915966387,56,104,124.110599930957,Elementary School
284,Highland Meadows Elementary,2020-2021,118,2089.68531531532,2020,1829.0138,0.148648648648649,0.153005464480874,0.10472972972973,0.112570356472796,44,84,31,60,0.177215189873418,0.174789915966387,56,104,64.5156422548589,Elementary School
284,Highland Meadows Elementary,2021-2022,263,1768.46908396947,2021,1829.0138,0.148648648648649,0.153005464480874,0.10472972972973,0.112570356472796,44,84,31,60,0.177215189873418,0.174789915966387,56,104,143.793338245999,Elementary School
284,Highland Meadows Elementary,2022-2023,204,3034.6895480226,2022,1829.0138,0.148648648648649,0.153005464480874,0.10472972972973,0.112570356472796,44,84,31,60,0.177215189873418,0.174789915966387,56,104,111.53551711857,Elementary School
284,Highland Meadows Elementary,2023-2024,199,3957.64396648045,2023,1829.0138,0.148648648648649,0.153005464480874,0.10472972972973,0.112570356472796,44,84,31,60,0.177215189873418,0.174789915966387,56,104,108.801803463703,Elementary School
284,Highland Meadows Elementary,2024-2025,225,2289.705,2024,1829.0138,0.148648648648649,0.153005464480874,0.10472972972973,0.112570356472796,44,84,31,60,0.177215189873418,0.174789915966387,56,104,123.017114469011,Elementary School
286,McShan Jr Elementary,2017-2018,53,1518.67528301887,2017,2638.5445,0.0986394557823129,0.115894039735099,0.113879003558719,0.108818011257036,29,70,32,58,0.104895104895105,0.0984555984555985,30,51,20.0868319636072,Elementary School
286,McShan Jr Elementary,2018-2019,96,872.7490625,2018,2638.5445,0.0986394557823129,0.115894039735099,0.113879003558719,0.108818011257036,29,70,32,58,0.104895104895105,0.0984555984555985,30,51,36.3836956321942,Elementary School
286,McShan Jr Elementary,2019-2020,69,1347.25608695652,2019,2638.5445,0.0986394557823129,0.115894039735099,0.113879003558719,0.108818011257036,29,70,32,58,0.104895104895105,0.0984555984555985,30,51,26.1507812356396,Elementary School
286,McShan Jr Elementary,2020-2021,25,1924.66142857143,2020,2638.5445,0.0986394557823129,0.115894039735099,0.113879003558719,0.108818011257036,29,70,32,58,0.104895104895105,0.0984555984555985,30,51,9.47492073755057,Elementary School
286,McShan Jr Elementary,2021-2022,68,2857.04223880597,2021,2638.5445,0.0986394557823129,0.115894039735099,0.113879003558719,0.108818011257036,29,70,32,58,0.104895104895105,0.0984555984555985,30,51,25.7717844061376,Elementary School
286,McShan Jr Elementary,2022-2023,47,3368.10372093023,2022,2638.5445,0.0986394557823129,0.115894039735099,0.113879003558719,0.108818011257036,29,70,32,58,0.104895104895105,0.0984555984555985,30,51,17.8128509865951,Elementary School
286,McShan Jr Elementary,2023-2024,30,4216.0772,2023,2638.5445,0.0986394557823129,0.115894039735099,0.113879003558719,0.108818011257036,29,70,32,58,0.104895104895105,0.0984555984555985,30,51,11.3699048850607,Elementary School
286,McShan Jr Elementary,2024-2025,52,3215.56108695652,2024,2638.5445,0.0986394557823129,0.115894039735099,0.113879003558719,0.108818011257036,29,70,32,58,0.104895104895105,0.0984555984555985,30,51,19.7078351341052,Elementary School
287,Soto Jr Elementary,2017-2018,19,1664.26315789474,2017,1217.748,0.078125,0.0551378446115288,0.0628272251308901,0.0583756345177665,15,22,12,23,0.0954545454545455,0.0911214953271028,21,39,15.6025713037509,Elementary School
287,Soto Jr Elementary,2018-2019,9,1656.77777777778,2018,1217.748,0.078125,0.0551378446115288,0.0628272251308901,0.0583756345177665,15,22,12,23,0.0954545454545455,0.0911214953271028,21,39,7.39069167019777,Elementary School
287,Soto Jr Elementary,2019-2020,11,611.485454545455,2019,1217.748,0.078125,0.0551378446115288,0.0628272251308901,0.0583756345177665,15,22,12,23,0.0954545454545455,0.0911214953271028,21,39,9.03306759690839,Elementary School
287,Soto Jr Elementary,2020-2021,4,1586.66666666667,2020,1217.748,0.078125,0.0551378446115288,0.0628272251308901,0.0583756345177665,15,22,12,23,0.0954545454545455,0.0911214953271028,21,39,3.28475185342123,Elementary School
287,Soto Jr Elementary,2021-2022,11,1648.09090909091,2021,1217.748,0.078125,0.0551378446115288,0.0628272251308901,0.0583756345177665,15,22,12,23,0.0954545454545455,0.0911214953271028,21,39,9.03306759690839,Elementary School
287,Soto Jr Elementary,2022-2023,10,1416.3,2022,1217.748,0.078125,0.0551378446115288,0.0628272251308901,0.0583756345177665,15,22,12,23,0.0954545454545455,0.0911214953271028,21,39,8.21187963355308,Elementary School
287,Soto Jr Elementary,2023-2024,17,2981.75,2023,1217.748,0.078125,0.0551378446115288,0.0628272251308901,0.0583756345177665,15,22,12,23,0.0954545454545455,0.0911214953271028,21,39,13.9601953770402,Elementary School
287,Soto Jr Elementary,2024-2025,12,6120.28285714286,2024,1217.748,0.078125,0.0551378446115288,0.0628272251308901,0.0583756345177665,15,22,12,23,0.0954545454545455,0.0911214953271028,21,39,9.8542555602637,Elementary School
289,Botello Elementary,2017-2018,57,1015.12929824561,2017,1231.4954,0.0337078651685393,0.0282828282828283,0.0288065843621399,0.0196936542669584,9,14,7,9,0.0425531914893617,0.0388127853881279,10,17,46.2851911586515,Elementary School
289,Botello Elementary,2018-2019,56,917.913214285714,2018,1231.4954,0.0337078651685393,0.0282828282828283,0.0288065843621399,0.0196936542669584,9,14,7,9,0.0425531914893617,0.0388127853881279,10,17,45.4731702611313,Elementary School
289,Botello Elementary,2019-2020,51,1027.03549019608,2019,1231.4954,0.0337078651685393,0.0282828282828283,0.0288065843621399,0.0196936542669584,9,14,7,9,0.0425531914893617,0.0388127853881279,10,17,41.4130657735303,Elementary School
289,Botello Elementary,2020-2021,29,1425.93925925926,2020,1231.4954,0.0337078651685393,0.0282828282828283,0.0288065843621399,0.0196936542669584,9,14,7,9,0.0425531914893617,0.0388127853881279,10,17,23.5486060280859,Elementary School
289,Botello Elementary,2021-2022,54,4376.16981481482,2021,1231.4954,0.0337078651685393,0.0282828282828283,0.0288065843621399,0.0196936542669584,9,14,7,9,0.0425531914893617,0.0388127853881279,10,17,43.8491284660909,Elementary School
289,Botello Elementary,2022-2023,35,2851.56484848485,2022,1231.4954,0.0337078651685393,0.0282828282828283,0.0288065843621399,0.0196936542669584,9,14,7,9,0.0425531914893617,0.0388127853881279,10,17,28.4207314132071,Elementary School
289,Botello Elementary,2023-2024,53,2748.55895833333,2023,1231.4954,0.0337078651685393,0.0282828282828283,0.0288065843621399,0.0196936542669584,9,14,7,9,0.0425531914893617,0.0388127853881279,10,17,43.0371075685707,Elementary School
289,Botello Elementary,2024-2025,78,2849.53339622642,2024,1231.4954,0.0337078651685393,0.0282828282828283,0.0288065843621399,0.0196936542669584,9,14,7,9,0.0425531914893617,0.0388127853881279,10,17,63.3376300065758,Elementary School
301,Wilmer Hutchins Elementary,2017-2018,69,946.609855072464,2017,1461.0139,0.129554655870445,0.117647058823529,0.119521912350598,0.110220440881764,32,58,30,55,0.079646017699115,0.0755102040816327,18,37,47.2274767543279,Elementary School
301,Wilmer Hutchins Elementary,2018-2019,129,989.239534883721,2018,1461.0139,0.129554655870445,0.117647058823529,0.119521912350598,0.110220440881764,32,58,30,55,0.079646017699115,0.0755102040816327,18,37,88.2948478450479,Elementary School
301,Wilmer Hutchins Elementary,2019-2020,109,1078.24458715596,2019,1461.0139,0.129554655870445,0.117647058823529,0.119521912350598,0.110220440881764,32,58,30,55,0.079646017699115,0.0755102040816327,18,37,74.6057241481412,Elementary School
301,Wilmer Hutchins Elementary,2020-2021,35,1357.556875,2020,1461.0139,0.129554655870445,0.117647058823529,0.119521912350598,0.110220440881764,32,58,30,55,0.079646017699115,0.0755102040816327,18,37,23.9559664695866,Elementary School
301,Wilmer Hutchins Elementary,2021-2022,95,1882.63934065934,2021,1461.0139,0.129554655870445,0.117647058823529,0.119521912350598,0.110220440881764,32,58,30,55,0.079646017699115,0.0755102040816327,18,37,65.0233375603066,Elementary School
301,Wilmer Hutchins Elementary,2022-2023,89,2654.88373333333,2022,1461.0139,0.129554655870445,0.117647058823529,0.119521912350598,0.110220440881764,32,58,30,55,0.079646017699115,0.0755102040816327,18,37,60.9166004512346,Elementary School
301,Wilmer Hutchins Elementary,2023-2024,98,4431.87846153846,2023,1461.0139,0.129554655870445,0.117647058823529,0.119521912350598,0.110220440881764,32,58,30,55,0.079646017699115,0.0755102040816327,18,37,67.0767061148426,Elementary School
301,Wilmer Hutchins Elementary,2024-2025,129,4390.20836206897,2024,1461.0139,0.129554655870445,0.117647058823529,0.119521912350598,0.110220440881764,32,58,30,55,0.079646017699115,0.0755102040816327,18,37,88.2948478450479,Elementary School
303,Richardson Elementary,2017-2018,13,1270.99076923077,2017,751.0383,0.0663507109004739,0.0791855203619909,0.0405405405405405,0.045766590389016,14,35,9,20,0.0303030303030303,0.0306345733041576,7,14,17.3093702411715,Elementary School
303,Richardson Elementary,2018-2019,12,1593.58333333333,2018,751.0383,0.0663507109004739,0.0791855203619909,0.0405405405405405,0.045766590389016,14,35,9,20,0.0303030303030303,0.0306345733041576,7,14,15.9778802226198,Elementary School
303,Richardson Elementary,2019-2020,6,924.333333333333,2019,751.0383,0.0663507109004739,0.0791855203619909,0.0405405405405405,0.045766590389016,14,35,9,20,0.0303030303030303,0.0306345733041576,7,14,7.9889401113099,Elementary School
303,Richardson Elementary,2020-2021,8,1324.375,2020,751.0383,0.0663507109004739,0.0791855203619909,0.0405405405405405,0.045766590389016,14,35,9,20,0.0303030303030303,0.0306345733041576,7,14,10.6519201484132,Elementary School
303,Richardson Elementary,2021-2022,10,3396.3,2021,751.0383,0.0663507109004739,0.0791855203619909,0.0405405405405405,0.045766590389016,14,35,9,20,0.0303030303030303,0.0306345733041576,7,14,13.3149001855165,Elementary School
303,Richardson Elementary,2022-2023,6,7838,2022,751.0383,0.0663507109004739,0.0791855203619909,0.0405405405405405,0.045766590389016,14,35,9,20,0.0303030303030303,0.0306345733041576,7,14,7.9889401113099,Elementary School
303,Richardson Elementary,2023-2024,9,4101.61,2023,751.0383,0.0663507109004739,0.0791855203619909,0.0405405405405405,0.045766590389016,14,35,9,20,0.0303030303030303,0.0306345733041576,7,14,11.9834101669649,Elementary School
303,Richardson Elementary,2024-2025,4,4000,2024,751.0383,0.0663507109004739,0.0791855203619909,0.0405405405405405,0.045766590389016,14,35,9,20,0.0303030303030303,0.0306345733041576,7,14,5.3259600742066,Elementary School
304,Bush Elementary,2017-2018,395,1101.90529113924,2017,12506.4457,0.146551724137931,0.142228739002933,0.16,0.183606557377049,51,97,48,112,0.189090909090909,0.160714285714286,52,90,31.5837136685445,Elementary School
304,Bush Elementary,2018-2019,428,1144.75838785047,2018,12506.4457,0.146551724137931,0.142228739002933,0.16,0.183606557377049,51,97,48,112,0.189090909090909,0.160714285714286,52,90,34.2223530383217,Elementary School
304,Bush Elementary,2019-2020,351,1199.33310541311,2019,12506.4457,0.146551724137931,0.142228739002933,0.16,0.183606557377049,51,97,48,112,0.189090909090909,0.160714285714286,52,90,28.065527842175,Elementary School
304,Bush Elementary,2020-2021,183,2346.51374193548,2020,12506.4457,0.146551724137931,0.142228739002933,0.16,0.183606557377049,51,97,48,112,0.189090909090909,0.160714285714286,52,90,14.6324546869459,Elementary School
304,Bush Elementary,2021-2022,479,2594.08401691332,2021,12506.4457,0.146551724137931,0.142228739002933,0.16,0.183606557377049,51,97,48,112,0.189090909090909,0.160714285714286,52,90,38.3002502461591,Elementary School
304,Bush Elementary,2022-2023,455,2902.55966587112,2022,12506.4457,0.146551724137931,0.142228739002933,0.16,0.183606557377049,51,97,48,112,0.189090909090909,0.160714285714286,52,90,36.3812397954121,Elementary School
304,Bush Elementary,2023-2024,490,2850.52002227172,2023,12506.4457,0.146551724137931,0.142228739002933,0.16,0.183606557377049,51,97,48,112,0.189090909090909,0.160714285714286,52,90,39.1797967027514,Elementary School
304,Bush Elementary,2024-2025,527,4934.07143920596,2024,12506.4457,0.146551724137931,0.142228739002933,0.16,0.183606557377049,51,97,48,112,0.189090909090909,0.160714285714286,52,90,42.1382711476531,Elementary School
305,Halliday Elementary,2017-2018,21,1367.2380952381,2017,633.3981,0.118705035971223,0.106498194945848,0.0679245283018868,0.072202166064982,33,59,18,40,0.0805860805860806,0.0821167883211679,22,45,33.1545042525388,Elementary School
305,Halliday Elementary,2018-2019,18,1327.91111111111,2018,633.3981,0.118705035971223,0.106498194945848,0.0679245283018868,0.072202166064982,33,59,18,40,0.0805860805860806,0.0821167883211679,22,45,28.4181465021761,Elementary School
305,Halliday Elementary,2019-2020,10,911.837,2019,633.3981,0.118705035971223,0.106498194945848,0.0679245283018868,0.072202166064982,33,59,18,40,0.0805860805860806,0.0821167883211679,22,45,15.7878591678756,Elementary School
305,Halliday Elementary,2020-2021,13,3675,2020,633.3981,0.118705035971223,0.106498194945848,0.0679245283018868,0.072202166064982,33,59,18,40,0.0805860805860806,0.0821167883211679,22,45,20.5242169182383,Elementary School
305,Halliday Elementary,2021-2022,11,3041.52636363636,2021,633.3981,0.118705035971223,0.106498194945848,0.0679245283018868,0.072202166064982,33,59,18,40,0.0805860805860806,0.0821167883211679,22,45,17.3666450846632,Elementary School
305,Halliday Elementary,2022-2023,45,2988.8765,2022,633.3981,0.118705035971223,0.106498194945848,0.0679245283018868,0.072202166064982,33,59,18,40,0.0805860805860806,0.0821167883211679,22,45,71.0453662554403,Elementary School
305,Halliday Elementary,2023-2024,80,2920.08108108108,2023,633.3981,0.118705035971223,0.106498194945848,0.0679245283018868,0.072202166064982,33,59,18,40,0.0805860805860806,0.0821167883211679,22,45,126.302873343005,Elementary School
305,Halliday Elementary,2024-2025,63,3022.40911111111,2024,633.3981,0.118705035971223,0.106498194945848,0.0679245283018868,0.072202166064982,33,59,18,40,0.0805860805860806,0.0821167883211679,22,45,99.4635127576164,Elementary School
307,Thompson Elementary,2017-2018,138,1135.68471014493,2017,1324.3775,0.137795275590551,0.121442125237192,0.140495867768595,0.121535181236674,35,64,34,57,0.0968992248062016,0.108,25,54,104.199897687782,Elementary School
307,Thompson Elementary,2018-2019,147,1203.09401360544,2018,1324.3775,0.137795275590551,0.121442125237192,0.140495867768595,0.121535181236674,35,64,34,57,0.0968992248062016,0.108,25,54,110.995543189159,Elementary School
307,Thompson Elementary,2019-2020,106,1278.27839622642,2019,1324.3775,0.137795275590551,0.121442125237192,0.140495867768595,0.121535181236674,35,64,34,57,0.0968992248062016,0.108,25,54,80.0376025717743,Elementary School
307,Thompson Elementary,2020-2021,54,1279.84,2020,1324.3775,0.137795275590551,0.121442125237192,0.140495867768595,0.121535181236674,35,64,34,57,0.0968992248062016,0.108,25,54,40.7738730082624,Elementary School
307,Thompson Elementary,2021-2022,127,2145.17261904762,2021,1324.3775,0.137795275590551,0.121442125237192,0.140495867768595,0.121535181236674,35,64,34,57,0.0968992248062016,0.108,25,54,95.8941087416541,Elementary School
307,Thompson Elementary,2022-2023,125,4036.51710280374,2022,1324.3775,0.137795275590551,0.121442125237192,0.140495867768595,0.121535181236674,35,64,34,57,0.0968992248062016,0.108,25,54,94.3839652969036,Elementary School
307,Thompson Elementary,2023-2024,150,3498.10380597015,2023,1324.3775,0.137795275590551,0.121442125237192,0.140495867768595,0.121535181236674,35,64,34,57,0.0968992248062016,0.108,25,54,113.260758356284,Elementary School
307,Thompson Elementary,2024-2025,102,3283.93512195122,2024,1324.3775,0.137795275590551,0.121442125237192,0.140495867768595,0.121535181236674,35,64,34,57,0.0968992248062016,0.108,25,54,77.0173156822734,Elementary School
312,Johnson Elementary,2017-2018,81,1197.53666666667,2017,678.6515,0.0902255639097744,0.095049504950495,0.115079365079365,0.109243697478992,24,48,29,52,0.116,0.134831460674157,29,60,119.354337240837,Elementary School
312,Johnson Elementary,2018-2019,179,994.153854748603,2018,678.6515,0.0902255639097744,0.095049504950495,0.115079365079365,0.109243697478992,24,48,29,52,0.116,0.134831460674157,29,60,263.758350198887,Elementary School
312,Johnson Elementary,2019-2020,172,1297.97587209302,2019,678.6515,0.0902255639097744,0.095049504950495,0.115079365079365,0.109243697478992,24,48,29,52,0.116,0.134831460674157,29,60,253.443777844741,Elementary School
312,Johnson Elementary,2020-2021,35,2061.88676470588,2020,678.6515,0.0902255639097744,0.095049504950495,0.115079365079365,0.109243697478992,24,48,29,52,0.116,0.134831460674157,29,60,51.5728617707321,Elementary School
312,Johnson Elementary,2021-2022,179,1495.08279329609,2021,678.6515,0.0902255639097744,0.095049504950495,0.115079365079365,0.109243697478992,24,48,29,52,0.116,0.134831460674157,29,60,263.758350198887,Elementary School
312,Johnson Elementary,2022-2023,172,1638.65562874252,2022,678.6515,0.0902255639097744,0.095049504950495,0.115079365079365,0.109243697478992,24,48,29,52,0.116,0.134831460674157,29,60,253.443777844741,Elementary School
312,Johnson Elementary,2023-2024,143,2222.33388489209,2023,678.6515,0.0902255639097744,0.095049504950495,0.115079365079365,0.109243697478992,24,48,29,52,0.116,0.134831460674157,29,60,210.711978091848,Elementary School
312,Johnson Elementary,2024-2025,172,2050.951125,2024,678.6515,0.0902255639097744,0.095049504950495,0.115079365079365,0.109243697478992,24,48,29,52,0.116,0.134831460674157,29,60,253.443777844741,Elementary School
42,Bedford Law  Middle,2017-2018,1050,1139.53291428571,2017,9739.9667,,,,,,,,,,,,,107.803243310883,Middle School
42,Bedford Law  Middle,2018-2019,1355,1131.12790405904,2018,9739.9667,,,,,,,,,,,,,139.117518748806,Middle School
42,Bedford Law  Middle,2019-2020,1468,1263.48508174387,2019,9739.9667,,,,,,,,,,,,,150.719201124168,Middle School
42,Bedford Law  Middle,2020-2021,748,2608.02663280116,2020,9739.9667,,,,,,,,,,,,,76.7969771395625,Middle School
42,Bedford Law  Middle,2021-2022,962,2961.9188308977,2021,9739.9667,,,,,,,,,,,,,98.7683048238758,Middle School
42,Bedford Law  Middle,2022-2023,1145,4146.17553588071,2022,9739.9667,,,,,,,,,,,,,117.55687008663,Middle School
42,Bedford Law  Middle,2023-2024,957,4272.83133481646,2023,9739.9667,,,,,,,,,,,,,98.254956046205,Middle School
42,Bedford Law  Middle,2024-2025,961,3848.94978855721,2024,9739.9667,,,,,,,,,,,,,98.6656350683417,Middle School
43,Browne  Middle,2017-2018,1018,887.082878192534,2017,6771.5893,,,,,,,,,,,,,150.333984372029,Middle School
43,Browne  Middle,2018-2019,1210,1024.06691735537,2018,6771.5893,,,,,,,,,,,,,178.687741738856,Middle School
43,Browne  Middle,2019-2020,866,924.853140877598,2019,6771.5893,,,,,,,,,,,,,127.887259789958,Middle School
43,Browne  Middle,2020-2021,432,2317.68904878049,2020,6771.5893,,,,,,,,,,,,,63.7959540753601,Middle School
43,Browne  Middle,2021-2022,717,2578.76287517532,2021,6771.5893,,,,,,,,,,,,,105.883562666744,Middle School
43,Browne  Middle,2022-2023,727,3050.9608358209,2022,6771.5893,,,,,,,,,,,,,107.360320862932,Middle School
43,Browne  Middle,2023-2024,667,3193.18365553603,2023,6771.5893,,,,,,,,,,,,,98.4997716857991,Middle School
43,Browne  Middle,2024-2025,571,2882.60711656442,2024,6771.5893,,,,,,,,,,,,,84.3228930023857,Middle School
45,Comstock  Middle,2017-2018,274,1341.41262773723,2017,3978.4842,,,,,,,,,,,,,68.8704507108512,Middle School
45,Comstock  Middle,2018-2019,245,1385.78918367347,2018,3978.4842,,,,,,,,,,,,,61.5812424239362,Middle School
45,Comstock  Middle,2019-2020,192,1443.53739583333,2019,3978.4842,,,,,,,,,,,,,48.2595858995745,Middle School
45,Comstock  Middle,2020-2021,136,1863.29483606557,2020,3978.4842,,,,,,,,,,,,,34.183873345532,Middle School
45,Comstock  Middle,2021-2022,190,2771.44557894737,2021,3978.4842,,,,,,,,,,,,,47.7568818797873,Middle School
45,Comstock  Middle,2022-2023,210,3776.13161849711,2022,3978.4842,,,,,,,,,,,,,52.7839220776596,Middle School
45,Comstock  Middle,2023-2024,280,3773.51244444444,2023,3978.4842,,,,,,,,,,,,,70.3785627702128,Middle School
45,Comstock  Middle,2024-2025,215,3348.95994011976,2024,3978.4842,,,,,,,,,,,,,54.0406821271277,Middle School
46,Young Men's Leadership  Middle,2017-2018,400,1091.409625,2017,3952.4582,,,,,,,,,,,,,101.202841310251,Middle School
46,Young Men's Leadership  Middle,2018-2019,421,1091.78285035629,2018,3952.4582,,,,,,,,,,,,,106.515990479039,Middle School
46,Young Men's Leadership  Middle,2019-2020,356,1014.02258426966,2019,3952.4582,,,,,,,,,,,,,90.0705287661233,Middle School
46,Young Men's Leadership  Middle,2020-2021,185,2383.626,2020,3952.4582,,,,,,,,,,,,,46.8063141059911,Middle School
46,Young Men's Leadership  Middle,2021-2022,275,2066.37730909091,2021,3952.4582,,,,,,,,,,,,,69.5769534007975,Middle School
46,Young Men's Leadership  Middle,2022-2023,322,3683.73606666667,2022,3952.4582,,,,,,,,,,,,,81.468287254752,Middle School
46,Young Men's Leadership  Middle,2023-2024,465,2314.24676165803,2023,3952.4582,,,,,,,,,,,,,117.648303023167,Middle School
46,Young Men's Leadership  Middle,2024-2025,448,1947.6606122449,2024,3952.4582,,,,,,,,,,,,,113.347182267481,Middle School
47,Franklin  Middle,2017-2018,810,1086.46469135802,2017,27043.7607,,,,,,,,,,,,,29.9514556790173,Middle School
47,Franklin  Middle,2018-2019,1041,1206.39761767531,2018,27043.7607,,,,,,,,,,,,,38.4931671134037,Middle School
47,Franklin  Middle,2019-2020,805,1154.32669565217,2019,27043.7607,,,,,,,,,,,,,29.7665701501345,Middle School
47,Franklin  Middle,2020-2021,385,2528.61654285714,2020,27043.7607,,,,,,,,,,,,,14.2361857239774,Middle School
47,Franklin  Middle,2021-2022,967,2470.94560747664,2021,27043.7607,,,,,,,,,,,,,35.7568612859379,Middle School
47,Franklin  Middle,2022-2023,821,2727.32425477707,2022,27043.7607,,,,,,,,,,,,,30.3582038425595,Middle School
47,Franklin  Middle,2023-2024,907,2153.69078291815,2023,27043.7607,,,,,,,,,,,,,33.5382349393441,Middle School
47,Franklin  Middle,2024-2025,990,2025.76289203085,2024,27043.7607,,,,,,,,,,,,,36.6073347187989,Middle School
48,Gaston  Middle,2017-2018,423,981.239361702128,2017,5781.8779,,,,,,,,,,,,,73.1596217208254,Middle School
48,Gaston  Middle,2018-2019,537,975.702569832402,2018,5781.8779,,,,,,,,,,,,,92.8763992058705,Middle School
48,Gaston  Middle,2019-2020,536,897.639944029851,2019,5781.8779,,,,,,,,,,,,,92.7034450174052,Middle School
48,Gaston  Middle,2020-2021,241,1866.86878640777,2020,5781.8779,,,,,,,,,,,,,41.6819594201393,Middle School
48,Gaston  Middle,2021-2022,364,2266.06980501393,2021,5781.8779,,,,,,,,,,,,,62.9553246013722,Middle School
48,Gaston  Middle,2022-2023,469,2963.40168246446,2022,5781.8779,,,,,,,,,,,,,81.1155143902295,Middle School
48,Gaston  Middle,2023-2024,385,2765.21836363636,2023,5781.8779,,,,,,,,,,,,,66.5873625591436,Middle School
48,Gaston  Middle,2024-2025,395,2522.0880608365,2024,5781.8779,,,,,,,,,,,,,68.3169044437967,Middle School
49,Greiner  Middle,2017-2018,82,1471.75731707317,2017,2464.8629,,,,,,,,,,,,,33.2675703788637,Middle School
49,Greiner  Middle,2018-2019,64,1294.83234375,2018,2464.8629,,,,,,,,,,,,,25.9649329786253,Middle School
49,Greiner  Middle,2019-2020,44,1509.53227272727,2019,2464.8629,,,,,,,,,,,,,17.8508914228049,Middle School
49,Greiner  Middle,2020-2021,58,1590.49754716981,2020,2464.8629,,,,,,,,,,,,,23.5307205118792,Middle School
49,Greiner  Middle,2021-2022,101,2179.50633663366,2021,2464.8629,,,,,,,,,,,,,40.9759098568931,Middle School
49,Greiner  Middle,2022-2023,75,4162.1865625,2022,2464.8629,,,,,,,,,,,,,30.4276558343265,Middle School
49,Greiner  Middle,2023-2024,62,3370.20102040816,2023,2464.8629,,,,,,,,,,,,,25.1535288230433,Middle School
49,Greiner  Middle,2024-2025,48,3481.20333333333,2024,2464.8629,,,,,,,,,,,,,19.473699733969,Middle School
50,Hill  Middle,2017-2018,589,1009.46365025467,2017,4987.1678,,,,,,,,,,,,,118.103104531594,Middle School
50,Hill  Middle,2018-2019,470,1062.36027659574,2018,4987.1678,,,,,,,,,,,,,94.2418660948204,Middle School
50,Hill  Middle,2019-2020,278,1140.06053956835,2019,4987.1678,,,,,,,,,,,,,55.7430612220427,Middle School
50,Hill  Middle,2020-2021,185,2014.52494186047,2020,4987.1678,,,,,,,,,,,,,37.095202611791,Middle School
50,Hill  Middle,2021-2022,339,3599.16970501475,2021,4987.1678,,,,,,,,,,,,,67.9744523534981,Middle School
50,Hill  Middle,2022-2023,297,2549.36863309353,2022,4987.1678,,,,,,,,,,,,,59.552838787578,Middle School
50,Hill  Middle,2023-2024,207,2607.97754491018,2023,4987.1678,,,,,,,,,,,,,41.5065240034634,Middle School
50,Hill  Middle,2024-2025,158,2620.39666666667,2024,4987.1678,,,,,,,,,,,,,31.6813081765566,Middle School
51,Lewis  Middle,2017-2018,455,1280.20261538462,2017,4314.7935,,,,,,,,,,,,,105.451164696526,Middle School
51,Lewis  Middle,2018-2019,592,1078.74451013514,2018,4314.7935,,,,,,,,,,,,,137.202394506249,Middle School
51,Lewis  Middle,2019-2020,491,975.909348268839,2019,4314.7935,,,,,,,,,,,,,113.794553551636,Middle School
51,Lewis  Middle,2020-2021,350,1849.32898148148,2020,4314.7935,,,,,,,,,,,,,81.1162805357893,Middle School
51,Lewis  Middle,2021-2022,421,2977.52854761905,2021,4314.7935,,,,,,,,,,,,,97.5712974444779,Middle School
51,Lewis  Middle,2022-2023,490,3163.57388235294,2022,4314.7935,,,,,,,,,,,,,113.562792750105,Middle School
51,Lewis  Middle,2023-2024,540,2867.80617067834,2023,4314.7935,,,,,,,,,,,,,125.150832826646,Middle School
51,Lewis  Middle,2024-2025,474,2677.90457627119,2024,4314.7935,,,,,,,,,,,,,109.854619925612,Middle School
52,Piedmont  Middle,2017-2018,139,1214.97748201439,2017,3682.6826,,,,,,,,,,,,,37.74422482133,Middle School
52,Piedmont  Middle,2018-2019,160,1162.4211875,2018,3682.6826,,,,,,,,,,,,,43.4465897223942,Middle School
52,Piedmont  Middle,2019-2020,91,1374.99835164835,2019,3682.6826,,,,,,,,,,,,,24.7102479046117,Middle School
52,Piedmont  Middle,2020-2021,89,2310.2321686747,2020,3682.6826,,,,,,,,,,,,,24.1671655330818,Middle School
52,Piedmont  Middle,2021-2022,101,2464.4443877551,2021,3682.6826,,,,,,,,,,,,,27.4256597622614,Middle School
52,Piedmont  Middle,2022-2023,81,3993.72133333333,2022,3682.6826,,,,,,,,,,,,,21.9948360469621,Middle School
52,Piedmont  Middle,2023-2024,116,4520.93097222222,2023,3682.6826,,,,,,,,,,,,,31.4987775487358,Middle School
52,Piedmont  Middle,2024-2025,78,3965.64276923077,2024,3682.6826,,,,,,,,,,,,,21.1802124896672,Middle School
53,Long  Middle,2017-2018,518,1142.31718146718,2017,15576.8071,,,,,,,,,,,,,33.2545685822867,Middle School
53,Long  Middle,2018-2019,478,1253.38244769874,2018,15576.8071,,,,,,,,,,,,,30.6866482284421,Middle School
53,Long  Middle,2019-2020,374,1238.79756684492,2019,15576.8071,,,,,,,,,,,,,24.0100553084464,Middle School
53,Long  Middle,2020-2021,270,2303.53455319149,2020,15576.8071,,,,,,,,,,,,,17.3334623884506,Middle School
53,Long  Middle,2021-2022,464,2978.81911447084,2021,15576.8071,,,,,,,,,,,,,29.7878761045966,Middle School
53,Long  Middle,2022-2023,510,3599.61188183807,2022,15576.8071,,,,,,,,,,,,,32.7409845115178,Middle School
53,Long  Middle,2023-2024,531,3060.83577092511,2023,15576.8071,,,,,,,,,,,,,34.0891426972862,Middle School
53,Long  Middle,2024-2025,477,2448.9978960396,2024,15576.8071,,,,,,,,,,,,,30.622450219596,Middle School
54,Marsh  Middle,2017-2018,140,922.788928571429,2017,3541.987,,,,,,,,,,,,,39.5258367690226,Middle School
54,Marsh  Middle,2018-2019,107,1576.23691588785,2018,3541.987,,,,,,,,,,,,,30.209032387753,Middle School
54,Marsh  Middle,2019-2020,86,2000.4823255814,2019,3541.987,,,,,,,,,,,,,24.2801568723996,Middle School
54,Marsh  Middle,2020-2021,50,3005.9075,2020,3541.987,,,,,,,,,,,,,14.1163702746509,Middle School
54,Marsh  Middle,2021-2022,106,2537.37386792453,2021,3541.987,,,,,,,,,,,,,29.92670498226,Middle School
54,Marsh  Middle,2022-2023,118,3272.9789,2022,3541.987,,,,,,,,,,,,,33.3146338481762,Middle School
54,Marsh  Middle,2023-2024,104,3043.31472222222,2023,3541.987,,,,,,,,,,,,,29.3620501712739,Middle School
54,Marsh  Middle,2024-2025,106,2876.53063829787,2024,3541.987,,,,,,,,,,,,,29.92670498226,Middle School
55,Rusk  Middle,2017-2018,747,1452.00871485944,2017,20693.994,,,,,,,,,,,,,36.097430007953,Middle School
55,Rusk  Middle,2018-2019,834,1360.86070743405,2018,20693.994,,,,,,,,,,,,,40.301548362293,Middle School
55,Rusk  Middle,2019-2020,787,1326.77695044473,2019,20693.994,,,,,,,,,,,,,38.0303579869599,Middle School
55,Rusk  Middle,2020-2021,365,3240.33936507937,2020,20693.994,,,,,,,,,,,,,17.6379678084376,Middle School
55,Rusk  Middle,2021-2022,787,3699.34660280971,2021,20693.994,,,,,,,,,,,,,38.0303579869599,Middle School
55,Rusk  Middle,2022-2023,980,4565.37270419426,2022,20693.994,,,,,,,,,,,,,47.356735485668,Middle School
55,Rusk  Middle,2023-2024,1194,3876.78347293156,2023,20693.994,,,,,,,,,,,,,57.6979001733547,Middle School
55,Rusk  Middle,2024-2025,1088,3339.97555831266,2024,20693.994,,,,,,,,,,,,,52.5756410289865,Middle School
56,Walker  Middle,2017-2018,704,1099.74826704545,2017,20753.1107,,,,,,,,,,,,,33.9226253922502,Middle School
56,Walker  Middle,2018-2019,873,1082.0129209622,2018,20753.1107,,,,,,,,,,,,,42.0659829082876,Middle School
56,Walker  Middle,2019-2020,717,1185.41758716876,2019,20753.1107,,,,,,,,,,,,,34.5490375088685,Middle School
56,Walker  Middle,2020-2021,352,2594.6257,2020,20753.1107,,,,,,,,,,,,,16.9613126961251,Middle School
56,Walker  Middle,2021-2022,898,2550.3078375286,2021,20753.1107,,,,,,,,,,,,,43.2706215940919,Middle School
56,Walker  Middle,2022-2023,850,2884.91598734177,2022,20753.1107,,,,,,,,,,,,,40.9577153173476,Middle School
56,Walker  Middle,2023-2024,813,2812.09486631016,2023,20753.1107,,,,,,,,,,,,,39.1748500623572,Middle School
56,Walker  Middle,2024-2025,923,3806.24410292072,2024,20753.1107,,,,,,,,,,,,,44.4752602798963,Middle School
58,Spence  Middle,2017-2018,1258,1635.85712241653,2017,34974.8913,,,,,,,,,,,,,35.9686607517777,Middle School
58,Spence  Middle,2018-2019,1436,1550.67354456825,2018,34974.8913,,,,,,,,,,,,,41.0580261045729,Middle School
58,Spence  Middle,2019-2020,1305,1287.88226819923,2019,34974.8913,,,,,,,,,,,,,37.3124819404371,Middle School
58,Spence  Middle,2020-2021,623,3397.21555963303,2020,34974.8913,,,,,,,,,,,,,17.8127787347834,Middle School
58,Spence  Middle,2021-2022,1555,3672.69560283688,2021,34974.8913,,,,,,,,,,,,,44.4604669864978,Middle School
58,Spence  Middle,2022-2023,1790,4347.77117787032,2022,34974.8913,,,,,,,,,,,,,51.1795729297949,Middle School
58,Spence  Middle,2023-2024,2207,3140.29882206759,2023,34974.8913,,,,,,,,,,,,,63.1024119866243,Middle School
58,Spence  Middle,2024-2025,1861,3004.16907313541,2024,34974.8913,,,,,,,,,,,,,53.2096006828762,Middle School
59,Stockard  Middle,2017-2018,142,1403.36549295775,2017,3090.0313,,,,,,,,,,,,,45.9542270655964,Middle School
59,Stockard  Middle,2018-2019,176,1061.394375,2018,3090.0313,,,,,,,,,,,,,56.9573518559505,Middle School
59,Stockard  Middle,2019-2020,158,822.754113924051,2019,3090.0313,,,,,,,,,,,,,51.1321681434101,Middle School
59,Stockard  Middle,2020-2021,83,2156.64626865672,2020,3090.0313,,,,,,,,,,,,,26.8605693411585,Middle School
59,Stockard  Middle,2021-2022,142,2570.17021276596,2021,3090.0313,,,,,,,,,,,,,45.9542270655964,Middle School
59,Stockard  Middle,2022-2023,86,3547.43728395062,2022,3090.0313,,,,,,,,,,,,,27.8314332932485,Middle School
59,Stockard  Middle,2023-2024,188,5256.74503184713,2023,3090.0313,,,,,,,,,,,,,60.8408076643107,Middle School
59,Stockard  Middle,2024-2025,147,3044.55113402062,2024,3090.0313,,,,,,,,,,,,,47.5723336524132,Middle School
60,Storey  Middle,2017-2018,443,1482.36336343115,2017,4667.9253,,,,,,,,,,,,,94.9029754182227,Middle School
60,Storey  Middle,2018-2019,374,1440.53483957219,2018,4667.9253,,,,,,,,,,,,,80.121247870012,Middle School
60,Storey  Middle,2019-2020,275,1519.59418181818,2019,4667.9253,,,,,,,,,,,,,58.9126822573618,Middle School
60,Storey  Middle,2020-2021,173,1892.51622516556,2020,4667.9253,,,,,,,,,,,,,37.0614328382676,Middle School
60,Storey  Middle,2021-2022,305,2760.46990163934,2021,4667.9253,,,,,,,,,,,,,65.3395203218012,Middle School
60,Storey  Middle,2022-2023,405,3194.40907608696,2022,4667.9253,,,,,,,,,,,,,86.7623138699328,Middle School
60,Storey  Middle,2023-2024,363,8207.4460443038,2023,4667.9253,,,,,,,,,,,,,77.7647405797175,Middle School
60,Storey  Middle,2024-2025,371,3199.7085472973,2024,4667.9253,,,,,,,,,,,,,79.478564063568,Middle School
62,Dade  Middle,2017-2018,847,1334.61772136954,2017,8824.3815,,,,,,,,,,,,,95.9840641522582,Middle School
62,Dade  Middle,2018-2019,841,1291.08466111772,2018,8824.3815,,,,,,,,,,,,,95.3041298135172,Middle School
62,Dade  Middle,2019-2020,559,1486.26132379249,2019,8824.3815,,,,,,,,,,,,,63.3472158926946,Middle School
62,Dade  Middle,2020-2021,362,1725.80451410658,2020,8824.3815,,,,,,,,,,,,,41.0227051040348,Middle School
62,Dade  Middle,2021-2022,672,2363.39346846847,2021,8824.3815,,,,,,,,,,,,,76.1526459389817,Middle School
62,Dade  Middle,2022-2023,717,3486.74382258065,2022,8824.3815,,,,,,,,,,,,,81.2521534795385,Middle School
62,Dade  Middle,2023-2024,746,3646.58493827161,2023,8824.3815,,,,,,,,,,,,,84.5385027834529,Middle School
62,Dade  Middle,2024-2025,702,2838.57696914701,2024,8824.3815,,,,,,,,,,,,,79.5523176326862,Middle School
68,Quintanilla  Middle,2017-2018,326,864.03490797546,2017,4886.2687,,,,,,,,,,,,,66.7175753146772,Middle School
68,Quintanilla  Middle,2018-2019,375,1096.52584,2018,4886.2687,,,,,,,,,,,,,76.745677125779,Middle School
68,Quintanilla  Middle,2019-2020,351,1070.5047008547,2019,4886.2687,,,,,,,,,,,,,71.8339537897292,Middle School
68,Quintanilla  Middle,2020-2021,217,2137.52233695652,2020,4886.2687,,,,,,,,,,,,,44.4101651634508,Middle School
68,Quintanilla  Middle,2021-2022,311,2800.56203225806,2021,4886.2687,,,,,,,,,,,,,63.6477482296461,Middle School
68,Quintanilla  Middle,2022-2023,287,3799.9287593985,2022,4886.2687,,,,,,,,,,,,,58.7360248935962,Middle School
68,Quintanilla  Middle,2023-2024,406,3457.14927113703,2023,4886.2687,,,,,,,,,,,,,83.0899864348434,Middle School
68,Quintanilla  Middle,2024-2025,278,2872.84965853659,2024,4886.2687,,,,,,,,,,,,,56.8941286425775,Middle School
69,Seagoville  Middle,2017-2018,341,949.699061583578,2017,2910.4384,,,,,,,,,,,,,117.164479413136,Middle School
69,Seagoville  Middle,2018-2019,308,1093.83652597403,2018,2910.4384,,,,,,,,,,,,,105.825981405413,Middle School
69,Seagoville  Middle,2019-2020,242,1210.04805785124,2019,2910.4384,,,,,,,,,,,,,83.1489853899674,Middle School
69,Seagoville  Middle,2020-2021,136,1935.229453125,2020,2910.4384,,,,,,,,,,,,,46.7283554257668,Middle School
69,Seagoville  Middle,2021-2022,258,2338.0628515625,2021,2910.4384,,,,,,,,,,,,,88.6464389694694,Middle School
69,Seagoville  Middle,2022-2023,333,2995.69119453925,2022,2910.4384,,,,,,,,,,,,,114.415752623385,Middle School
69,Seagoville  Middle,2023-2024,335,2997.49441860465,2023,2910.4384,,,,,,,,,,,,,115.102934320823,Middle School
69,Seagoville  Middle,2024-2025,341,2361.48789029536,2024,2910.4384,,,,,,,,,,,,,117.164479413136,Middle School
72,Todd  Middle,2017-2018,516,1327.26812015504,2017,4151.3333,,,,,,,,,,,,,124.297415483358,Middle School
72,Todd  Middle,2018-2019,483,1246.16215320911,2018,4151.3333,,,,,,,,,,,,,116.348162167562,Middle School
72,Todd  Middle,2019-2020,373,1586.32726541555,2019,4151.3333,,,,,,,,,,,,,89.8506511149081,Middle School
72,Todd  Middle,2020-2021,327,2183.72048109966,2020,4151.3333,,,,,,,,,,,,,78.7698737656165,Middle School
72,Todd  Middle,2021-2022,436,2184.60212471132,2021,4151.3333,,,,,,,,,,,,,105.026498354155,Middle School
72,Todd  Middle,2022-2023,637,3370.66907142857,2022,4151.3333,,,,,,,,,,,,,153.444677641277,Middle School
72,Todd  Middle,2023-2024,495,2850.25364864865,2023,4151.3333,,,,,,,,,,,,,119.238799736942,Middle School
72,Todd  Middle,2024-2025,586,3307.56006315789,2024,4151.3333,,,,,,,,,,,,,141.159467971411,Middle School
76,Lang  Middle,2017-2018,893,829.958264277716,2017,6989.4646,,,,,,,,,,,,,127.763720271221,Middle School
76,Lang  Middle,2018-2019,866,977.52337182448,2018,6989.4646,,,,,,,,,,,,,123.900763443312,Middle School
76,Lang  Middle,2019-2020,704,927.448806818182,2019,6989.4646,,,,,,,,,,,,,100.723022475856,Middle School
76,Lang  Middle,2020-2021,389,1928.13486803519,2020,6989.4646,,,,,,,,,,,,,55.6551928169148,Middle School
76,Lang  Middle,2021-2022,640,2339.11656597774,2021,6989.4646,,,,,,,,,,,,,91.56638406896,Middle School
76,Lang  Middle,2022-2023,715,2504.89267828843,2022,6989.4646,,,,,,,,,,,,,102.296819702041,Middle School
76,Lang  Middle,2023-2024,610,3142.47830808081,2023,6989.4646,,,,,,,,,,,,,87.2742098157275,Middle School
76,Lang  Middle,2024-2025,559,2853.75840449438,2024,6989.4646,,,,,,,,,,,,,79.9775135852323,Middle School
77,Garcia  Middle,2017-2018,255,969.810235294118,2017,4240.8257,,,,,,,,,,,,,60.1297997227285,Middle School
77,Garcia  Middle,2018-2019,257,1267.30750972763,2018,4240.8257,,,,,,,,,,,,,60.6014059950637,Middle School
77,Garcia  Middle,2019-2020,217,1048.73267281106,2019,4240.8257,,,,,,,,,,,,,51.1692805483611,Middle School
77,Garcia  Middle,2020-2021,125,2080.65819047619,2020,4240.8257,,,,,,,,,,,,,29.4753920209454,Middle School
77,Garcia  Middle,2021-2022,228,3352.50245535714,2021,4240.8257,,,,,,,,,,,,,53.7631150462043,Middle School
77,Garcia  Middle,2022-2023,254,3896.41254464286,2022,4240.8257,,,,,,,,,,,,,59.893996586561,Middle School
77,Garcia  Middle,2023-2024,383,3146.1080239521,2023,4240.8257,,,,,,,,,,,,,90.3126011521766,Middle School
77,Garcia  Middle,2024-2025,405,2731.88415492958,2024,4240.8257,,,,,,,,,,,,,95.5002701478629,Middle School
79,Medrano  Middle,2017-2018,653,733.610229709035,2017,13247.3579,,,,,,,,,,,,,49.292848047836,Middle School
79,Medrano  Middle,2018-2019,824,732.285279126214,2018,13247.3579,,,,,,,,,,,,,62.2010823758298,Middle School
79,Medrano  Middle,2019-2020,798,951.920501253133,2019,13247.3579,,,,,,,,,,,,,60.2384268639711,Middle School
79,Medrano  Middle,2020-2021,227,2394.86663101604,2020,13247.3579,,,,,,,,,,,,,17.1354923535356,Middle School
79,Medrano  Middle,2021-2022,514,2301.24300194932,2021,13247.3579,,,,,,,,,,,,,38.8001897344375,Middle School
79,Medrano  Middle,2022-2023,400,3139.89067567568,2022,13247.3579,,,,,,,,,,,,,30.1947001824417,Middle School
79,Medrano  Middle,2023-2024,470,2802.80433604336,2023,13247.3579,,,,,,,,,,,,,35.478772714369,Middle School
79,Medrano  Middle,2024-2025,393,2707.83979591837,2024,13247.3579,,,,,,,,,,,,,29.6662929292489,Middle School
83,Tasby  Middle,2017-2018,766,928.655195822454,2017,11213.3016,,,,,,,,,,,,,68.3117272079795,Middle School
83,Tasby  Middle,2018-2019,771,860.251608300908,2018,11213.3016,,,,,,,,,,,,,68.7576262106425,Middle School
83,Tasby  Middle,2019-2020,595,904.094336134454,2019,11213.3016,,,,,,,,,,,,,53.0619813169031,Middle School
83,Tasby  Middle,2020-2021,361,1849.95417721519,2020,11213.3016,,,,,,,,,,,,,32.1939079922723,Middle School
83,Tasby  Middle,2021-2022,618,1989.8289448052,2021,11213.3016,,,,,,,,,,,,,55.1131167291532,Middle School
83,Tasby  Middle,2022-2023,539,2725.03858299595,2022,11213.3016,,,,,,,,,,,,,48.067912487077,Middle School
83,Tasby  Middle,2023-2024,512,2928.26752173913,2023,11213.3016,,,,,,,,,,,,,45.6600578726965,Middle School
83,Tasby  Middle,2024-2025,585,2301.5185625,2024,11213.3016,,,,,,,,,,,,,52.170183311577,Middle School
100,"Holmes, Z  Middle",2017-2018,116,1075.61155172414,2017,2771.2875,,,,,,,,,,,,,41.8578007514558,Middle School
100,"Holmes, Z  Middle",2018-2019,73,1156.53164383562,2018,2771.2875,,,,,,,,,,,,,26.341547024623,Middle School
100,"Holmes, Z  Middle",2019-2020,39,1181.51333333333,2019,2771.2875,,,,,,,,,,,,,14.0728812871274,Middle School
100,"Holmes, Z  Middle",2020-2021,26,2061.43590909091,2020,2771.2875,,,,,,,,,,,,,9.38192085808492,Middle School
100,"Holmes, Z  Middle",2021-2022,48,2967.45104166667,2021,2771.2875,,,,,,,,,,,,,17.3204692764645,Middle School
100,"Holmes, Z  Middle",2022-2023,58,3668.05403846154,2022,2771.2875,,,,,,,,,,,,,20.9289003757279,Middle School
100,"Holmes, Z  Middle",2023-2024,48,2949.95411764706,2023,2771.2875,,,,,,,,,,,,,17.3204692764645,Middle School
100,"Holmes, Z  Middle",2024-2025,75,3656.42783333333,2024,2771.2875,,,,,,,,,,,,,27.0632332444757,Middle School
352,Young Women's STEAM  Middle,2017-2018,164,1336.46670731707,2017,2471.8014,,,,,,,,,,,,,66.3483724865598,Middle School
352,Young Women's STEAM  Middle,2018-2019,194,1105.86958762887,2018,2471.8014,,,,,,,,,,,,,78.4852698926378,Middle School
352,Young Women's STEAM  Middle,2019-2020,130,1146.39915384615,2019,2471.8014,,,,,,,,,,,,,52.5932220930047,Middle School
352,Young Women's STEAM  Middle,2020-2021,75,1875.83029850746,2020,2471.8014,,,,,,,,,,,,,30.342243515195,Middle School
352,Young Women's STEAM  Middle,2021-2022,164,2088.96840490798,2021,2471.8014,,,,,,,,,,,,,66.3483724865598,Middle School
352,Young Women's STEAM  Middle,2022-2023,152,3120.30296875,2022,2471.8014,,,,,,,,,,,,,61.4936135241286,Middle School
352,Young Women's STEAM  Middle,2023-2024,162,2924.96643939394,2023,2471.8014,,,,,,,,,,,,,65.5392459928213,Middle School
352,Young Women's STEAM  Middle,2024-2025,188,3464.31189542484,2024,2471.8014,,,,,,,,,,,,,76.0578904114222,Middle School
353,Richards  Middle,2017-2018,336,1147.17648809524,2017,3103.7709,,,,,,,,,,,,,108.255412794804,Middle School
353,Richards  Middle,2018-2019,360,1091.86836111111,2018,3103.7709,,,,,,,,,,,,,115.987942280147,Middle School
353,Richards  Middle,2019-2020,235,1123.30995744681,2019,3103.7709,,,,,,,,,,,,,75.7143512106515,Middle School
353,Richards  Middle,2020-2021,148,1547.76776923077,2020,3103.7709,,,,,,,,,,,,,47.6839318262827,Middle School
353,Richards  Middle,2021-2022,227,2585.30262443439,2021,3103.7709,,,,,,,,,,,,,73.1368413822038,Middle School
353,Richards  Middle,2022-2023,256,3459.55540772532,2022,3103.7709,,,,,,,,,,,,,82.4803145103268,Middle School
353,Richards  Middle,2023-2024,278,4277.92878640777,2023,3103.7709,,,,,,,,,,,,,89.568466538558,Middle School
353,Richards  Middle,2024-2025,193,3743.6983974359,2024,3103.7709,,,,,,,,,,,,,62.1824246113011,Middle School
354,West  Middle,2017-2018,362,1155.87372928177,2017,3484.4406,,,,,,,,,,,,,103.890420746446,Middle School
354,West  Middle,2018-2019,499,1258.34745490982,2018,3484.4406,,,,,,,,,,,,,143.208066167063,Middle School
354,West  Middle,2019-2020,494,1400.63769230769,2019,3484.4406,,,,,,,,,,,,,141.773115604267,Middle School
354,West  Middle,2020-2021,210,1972.33734375,2020,3484.4406,,,,,,,,,,,,,60.2679236374413,Middle School
354,West  Middle,2021-2022,512,1773.81475345168,2021,3484.4406,,,,,,,,,,,,,146.938937630333,Middle School
354,West  Middle,2022-2023,494,2607.96359649123,2022,3484.4406,,,,,,,,,,,,,141.773115604267,Middle School
354,West  Middle,2023-2024,415,3007.69542780749,2023,3484.4406,,,,,,,,,,,,,119.100896712086,Middle School
354,West  Middle,2024-2025,529,3076.90265402844,2024,3484.4406,,,,,,,,,,,,,151.81776954384,Middle School
372,West Dallas  Middle,2017-2018,189,1102.82275132275,2017,5105.0035,,,,,,,,,,,,,37.022501551664,Middle School
372,West Dallas  Middle,2018-2019,190,1257.83168421053,2018,5105.0035,,,,,,,,,,,,,37.2183878032601,Middle School
372,West Dallas  Middle,2019-2020,200,1432.6273,2019,5105.0035,,,,,,,,,,,,,39.1772503192211,Middle School
372,West Dallas  Middle,2020-2021,135,1636.38637931034,2020,5105.0035,,,,,,,,,,,,,26.4446439654743,Middle School
372,West Dallas  Middle,2021-2022,228,3156.95315789474,2021,5105.0035,,,,,,,,,,,,,44.6620653639121,Middle School
372,West Dallas  Middle,2022-2023,243,4430.67391089109,2022,5105.0035,,,,,,,,,,,,,47.6003591378537,Middle School
372,West Dallas  Middle,2023-2024,438,3107.50086687307,2023,5105.0035,,,,,,,,,,,,,85.7981781990943,Middle School
372,West Dallas  Middle,2024-2025,368,2581.45422131148,2024,5105.0035,,,,,,,,,,,,,72.0861405873669,Middle School
1,Adams  High,2017-2018,1012,997.666343873518,2017,10769.0456,,,,,,,,,,,,,93.9730443708029,High School
1,Adams  High,2018-2019,1007,1016.14857000993,2018,10769.0456,,,,,,,,,,,,,93.5087506733187,High School
1,Adams  High,2019-2020,814,980.432235872236,2019,10769.0456,,,,,,,,,,,,,75.5870139504285,High School
1,Adams  High,2020-2021,426,1934.05624338624,2020,10769.0456,,,,,,,,,,,,,39.5578230256542,High School
1,Adams  High,2021-2022,703,2913.5209025788,2021,10769.0456,,,,,,,,,,,,,65.2796938662791,High School
1,Adams  High,2022-2023,766,2798.97141428571,2022,10769.0456,,,,,,,,,,,,,71.1297944545801,High School
1,Adams  High,2023-2024,592,2705.80837104072,2023,10769.0456,,,,,,,,,,,,,54.9723737821298,High School
1,Adams  High,2024-2025,553,2551.81533156499,2024,10769.0456,,,,,,,,,,,,,51.350882941753,High School
2,Adamson  High,2017-2018,255,969.810235294118,2017,4240.8257,,,,,,,,,,,,,60.1297997227285,High School
2,Adamson  High,2018-2019,257,1267.30750972763,2018,4240.8257,,,,,,,,,,,,,60.6014059950637,High School
2,Adamson  High,2019-2020,217,1048.73267281106,2019,4240.8257,,,,,,,,,,,,,51.1692805483611,High School
2,Adamson  High,2020-2021,125,2080.65819047619,2020,4240.8257,,,,,,,,,,,,,29.4753920209454,High School
2,Adamson  High,2021-2022,228,3352.50245535714,2021,4240.8257,,,,,,,,,,,,,53.7631150462043,High School
2,Adamson  High,2022-2023,254,3896.41254464286,2022,4240.8257,,,,,,,,,,,,,59.893996586561,High School
2,Adamson  High,2023-2024,383,3146.1080239521,2023,4240.8257,,,,,,,,,,,,,90.3126011521766,High School
2,Adamson  High,2024-2025,405,2731.88415492958,2024,4240.8257,,,,,,,,,,,,,95.5002701478629,High School
5,Molina  High,2017-2018,142,1403.36549295775,2017,3090.0313,,,,,,,,,,,,,45.9542270655964,High School
5,Molina  High,2018-2019,176,1061.394375,2018,3090.0313,,,,,,,,,,,,,56.9573518559505,High School
5,Molina  High,2019-2020,158,822.754113924051,2019,3090.0313,,,,,,,,,,,,,51.1321681434101,High School
5,Molina  High,2020-2021,83,2156.64626865672,2020,3090.0313,,,,,,,,,,,,,26.8605693411585,High School
5,Molina  High,2021-2022,142,2570.17021276596,2021,3090.0313,,,,,,,,,,,,,45.9542270655964,High School
5,Molina  High,2022-2023,86,3547.43728395062,2022,3090.0313,,,,,,,,,,,,,27.8314332932485,High School
5,Molina  High,2023-2024,188,5256.74503184713,2023,3090.0313,,,,,,,,,,,,,60.8408076643107,High School
5,Molina  High,2024-2025,147,3044.55113402062,2024,3090.0313,,,,,,,,,,,,,47.5723336524132,High School
6,Hillcrest  High,2017-2018,810,1086.46469135802,2017,27043.7607,,,,,,,,,,,,,29.9514556790173,High School
6,Hillcrest  High,2018-2019,1041,1206.39761767531,2018,27043.7607,,,,,,,,,,,,,38.4931671134037,High School
6,Hillcrest  High,2019-2020,805,1154.32669565217,2019,27043.7607,,,,,,,,,,,,,29.7665701501345,High School
6,Hillcrest  High,2020-2021,385,2528.61654285714,2020,27043.7607,,,,,,,,,,,,,14.2361857239774,High School
6,Hillcrest  High,2021-2022,967,2470.94560747664,2021,27043.7607,,,,,,,,,,,,,35.7568612859379,High School
6,Hillcrest  High,2022-2023,821,2727.32425477707,2022,27043.7607,,,,,,,,,,,,,30.3582038425595,High School
6,Hillcrest  High,2023-2024,907,2153.69078291815,2023,27043.7607,,,,,,,,,,,,,33.5382349393441,High School
6,Hillcrest  High,2024-2025,990,2025.76289203085,2024,27043.7607,,,,,,,,,,,,,36.6073347187989,High School
7,Jefferson  High,2017-2018,653,733.610229709035,2017,13247.3579,,,,,,,,,,,,,49.292848047836,High School
7,Jefferson  High,2018-2019,824,732.285279126214,2018,13247.3579,,,,,,,,,,,,,62.2010823758298,High School
7,Jefferson  High,2019-2020,798,951.920501253133,2019,13247.3579,,,,,,,,,,,,,60.2384268639711,High School
7,Jefferson  High,2020-2021,227,2394.86663101604,2020,13247.3579,,,,,,,,,,,,,17.1354923535356,High School
7,Jefferson  High,2021-2022,514,2301.24300194932,2021,13247.3579,,,,,,,,,,,,,38.8001897344375,High School
7,Jefferson  High,2022-2023,400,3139.89067567568,2022,13247.3579,,,,,,,,,,,,,30.1947001824417,High School
7,Jefferson  High,2023-2024,470,2802.80433604336,2023,13247.3579,,,,,,,,,,,,,35.478772714369,High School
7,Jefferson  High,2024-2025,393,2707.83979591837,2024,13247.3579,,,,,,,,,,,,,29.6662929292489,High School
8,Kimball  High,2017-2018,1134,906.367998236332,2017,9542.8769,,,,,,,,,,,,,118.832089304222,High School
8,Kimball  High,2018-2019,1283,1031.60388152767,2018,9542.8769,,,,,,,,,,,,,134.44582943326,High School
8,Kimball  High,2019-2020,905,935.913635359116,2019,9542.8769,,,,,,,,,,,,,94.8351329985196,High School
8,Kimball  High,2020-2021,458,2304.63912037037,2020,9542.8769,,,,,,,,,,,,,47.9939126114055,High School
8,Kimball  High,2021-2022,765,2603.27934296978,2021,9542.8769,,,,,,,,,,,,,80.1645046893563,High School
8,Kimball  High,2022-2023,785,3095.40522160665,2022,9542.8769,,,,,,,,,,,,,82.2603087335225,High School
8,Kimball  High,2023-2024,715,3179.46922056385,2023,9542.8769,,,,,,,,,,,,,74.9249945789409,High School
8,Kimball  High,2024-2025,646,2967.1776867031,2024,9542.8769,,,,,,,,,,,,,67.6944706265676,High School
9,Lincoln  High,2017-2018,231,1183.34411255411,2017,2369.8631,,,,,,,,,,,,,97.4739848896757,High School
9,Lincoln  High,2018-2019,278,1181.95618705036,2018,2369.8631,,,,,,,,,,,,,117.306354109653,High School
9,Lincoln  High,2019-2020,173,1417.30063583815,2019,2369.8631,,,,,,,,,,,,,72.9999973416186,High School
9,Lincoln  High,2020-2021,105,1563.88172043011,2020,2369.8631,,,,,,,,,,,,,44.3063567680344,High School
9,Lincoln  High,2021-2022,208,2026.21713592233,2021,2369.8631,,,,,,,,,,,,,87.7687829309634,High School
9,Lincoln  High,2022-2023,225,3605.14037037037,2022,2369.8631,,,,,,,,,,,,,94.9421930743594,High School
9,Lincoln  High,2023-2024,265,3194.22425438597,2023,2369.8631,,,,,,,,,,,,,111.820805176468,High School
9,Lincoln  High,2024-2025,187,2926.48254901961,2024,2369.8631,,,,,,,,,,,,,78.9075115773565,High School
12,Pinkston  High,2017-2018,399,968.344411027569,2017,8371.8282,,,,,,,,,,,,,47.6598408935339,High School
12,Pinkston  High,2018-2019,419,1245.68229116945,2018,8371.8282,,,,,,,,,,,,,50.0488053493501,High School
12,Pinkston  High,2019-2020,389,1279.70077120823,2019,8371.8282,,,,,,,,,,,,,46.4653586656258,High School
12,Pinkston  High,2020-2021,265,1808.24193693694,2020,8371.8282,,,,,,,,,,,,,31.6537790395651,High School
12,Pinkston  High,2021-2022,411,2921.3399270073,2021,8371.8282,,,,,,,,,,,,,49.0932195670236,High School
12,Pinkston  High,2022-2023,438,4348.57595854922,2022,8371.8282,,,,,,,,,,,,,52.3183215823755,High School
12,Pinkston  High,2023-2024,726,3050.4789122807,2023,8371.8282,,,,,,,,,,,,,86.7194097461293,High School
12,Pinkston  High,2024-2025,548,2780.00392857143,2024,8371.8282,,,,,,,,,,,,,65.4576260893648,High School
13,Roosevelt  High,2017-2018,455,1280.20261538462,2017,4314.7935,,,,,,,,,,,,,105.451164696526,High School
13,Roosevelt  High,2018-2019,592,1078.74451013514,2018,4314.7935,,,,,,,,,,,,,137.202394506249,High School
13,Roosevelt  High,2019-2020,491,975.909348268839,2019,4314.7935,,,,,,,,,,,,,113.794553551636,High School
13,Roosevelt  High,2020-2021,350,1849.32898148148,2020,4314.7935,,,,,,,,,,,,,81.1162805357893,High School
13,Roosevelt  High,2021-2022,421,2977.52854761905,2021,4314.7935,,,,,,,,,,,,,97.5712974444779,High School
13,Roosevelt  High,2022-2023,490,3163.57388235294,2022,4314.7935,,,,,,,,,,,,,113.562792750105,High School
13,Roosevelt  High,2023-2024,540,2867.80617067834,2023,4314.7935,,,,,,,,,,,,,125.150832826646,High School
13,Roosevelt  High,2024-2025,474,2677.90457627119,2024,4314.7935,,,,,,,,,,,,,109.854619925612,High School
14,Samuell  High,2017-2018,539,1123.27591836735,2017,7635.1409,,,,,,,,,,,,,70.5946369634122,High School
14,Samuell  High,2018-2019,581,1111.23574870912,2018,7635.1409,,,,,,,,,,,,,76.095517765756,High School
14,Samuell  High,2019-2020,447,1087.50982102908,2019,7635.1409,,,,,,,,,,,,,58.5450885392305,High School
14,Samuell  High,2020-2021,274,2359.06274193548,2020,7635.1409,,,,,,,,,,,,,35.8866985676715,High School
14,Samuell  High,2021-2022,376,2170.96329758713,2021,7635.1409,,,,,,,,,,,,,49.2459805162207,High School
14,Samuell  High,2022-2023,403,3735.40027777778,2022,7635.1409,,,,,,,,,,,,,52.7822610320132,High School
14,Samuell  High,2023-2024,581,2661.14908296943,2023,7635.1409,,,,,,,,,,,,,76.095517765756,High School
14,Samuell  High,2024-2025,526,2269.15286764706,2024,7635.1409,,,,,,,,,,,,,68.8919833817343,High School
15,Seagoville  High,2017-2018,341,949.699061583578,2017,2910.4384,,,,,,,,,,,,,117.164479413136,High School
15,Seagoville  High,2018-2019,308,1093.83652597403,2018,2910.4384,,,,,,,,,,,,,105.825981405413,High School
15,Seagoville  High,2019-2020,242,1210.04805785124,2019,2910.4384,,,,,,,,,,,,,83.1489853899674,High School
15,Seagoville  High,2020-2021,136,1935.229453125,2020,2910.4384,,,,,,,,,,,,,46.7283554257668,High School
15,Seagoville  High,2021-2022,258,2338.0628515625,2021,2910.4384,,,,,,,,,,,,,88.6464389694694,High School
15,Seagoville  High,2022-2023,333,2995.69119453925,2022,2910.4384,,,,,,,,,,,,,114.415752623385,High School
15,Seagoville  High,2023-2024,335,2997.49441860465,2023,2910.4384,,,,,,,,,,,,,115.102934320823,High School
15,Seagoville  High,2024-2025,341,2361.48789029536,2024,2910.4384,,,,,,,,,,,,,117.164479413136,High School
16,SOC  High,2017-2018,959,1398.91274244004,2017,8819.2586,,,,,,,,,,,,,108.739299242229,High School
16,SOC  High,2018-2019,857,1330.98757292882,2018,8819.2586,,,,,,,,,,,,,97.1737011997811,High School
16,SOC  High,2019-2020,648,1558.00689814815,2019,8819.2586,,,,,,,,,,,,,73.4755640343736,High School
16,SOC  High,2020-2021,500,2084.23667420815,2020,8819.2586,,,,,,,,,,,,,56.6941080512142,High School
16,SOC  High,2021-2022,741,2422.5962601626,2021,8819.2586,,,,,,,,,,,,,84.0206681318995,High School
16,SOC  High,2022-2023,1042,3300.77286637931,2022,8819.2586,,,,,,,,,,,,,118.15052117873,High School
16,SOC  High,2023-2024,858,5077.71785526316,2023,8819.2586,,,,,,,,,,,,,97.2870894158836,High School
16,SOC  High,2024-2025,957,3266.15403372244,2024,8819.2586,,,,,,,,,,,,,108.512522810024,High School
17,Spruce  High,2017-2018,438,1339.56073059361,2017,6450.2857,,,,,,,,,,,,,67.903968966832,High School
17,Spruce  High,2018-2019,439,1262.08895216401,2018,6450.2857,,,,,,,,,,,,,68.0590008594503,High School
17,Spruce  High,2019-2020,322,1323.5747515528,2019,6450.2857,,,,,,,,,,,,,49.9202694231048,High School
17,Spruce  High,2020-2021,211,1867.73862433862,2020,6450.2857,,,,,,,,,,,,,32.7117293424693,High School
17,Spruce  High,2021-2022,354,2456.30739376771,2021,6450.2857,,,,,,,,,,,,,54.8812899868916,High School
17,Spruce  High,2022-2023,362,3497.24102990033,2022,6450.2857,,,,,,,,,,,,,56.1215451278383,High School
17,Spruce  High,2023-2024,442,3459.7643417367,2023,6450.2857,,,,,,,,,,,,,68.5240965373053,High School
17,Spruce  High,2024-2025,403,3404.11259375,2024,6450.2857,,,,,,,,,,,,,62.4778527251901,High School
18,Sunset  High,2017-2018,198,1133.45232323232,2017,4084.3068,,,,,,,,,,,,,48.4782387062598,High School
18,Sunset  High,2018-2019,210,1005.30285714286,2018,4084.3068,,,,,,,,,,,,,51.4163137793664,High School
18,Sunset  High,2019-2020,206,1120.81762135922,2019,4084.3068,,,,,,,,,,,,,50.4369554216642,High School
18,Sunset  High,2020-2021,145,2030.47015267176,2020,4084.3068,,,,,,,,,,,,,35.5017404667054,High School
18,Sunset  High,2021-2022,229,2664.11833333333,2021,4084.3068,,,,,,,,,,,,,56.068265978452,High School
18,Sunset  High,2022-2023,167,3380.86849315069,2022,4084.3068,,,,,,,,,,,,,40.8882114340676,High School
18,Sunset  High,2023-2024,180,4247.53,2023,4084.3068,,,,,,,,,,,,,44.0711260965998,High School
18,Sunset  High,2024-2025,146,2726.84144067797,2024,4084.3068,,,,,,,,,,,,,35.7465800561309,High School
21,White  High,2017-2018,844,1070.39482227488,2017,24295.0978,,,,,,,,,,,,,34.7395185213043,High School
21,White  High,2018-2019,980,1135.9741122449,2018,24295.0978,,,,,,,,,,,,,40.3373556290027,High School
21,White  High,2019-2020,803,1272.7097011208,2019,24295.0978,,,,,,,,,,,,,33.0519352756012,High School
21,White  High,2020-2021,402,2647.23151162791,2020,24295.0978,,,,,,,,,,,,,16.5465479212848,High School
21,White  High,2021-2022,1004,2548.90885714286,2021,24295.0978,,,,,,,,,,,,,41.3252092362435,High School
21,White  High,2022-2023,968,2928.51856179775,2022,24295.0978,,,,,,,,,,,,,39.8434288253822,High School
21,White  High,2023-2024,917,2832.39709756098,2023,24295.0978,,,,,,,,,,,,,37.7442399099953,High School
21,White  High,2024-2025,1029,3698.74955719557,2024,24295.0978,,,,,,,,,,,,,42.3542234104528,High School
22,Wilson  High,2017-2018,518,1142.31718146718,2017,15576.8071,,,,,,,,,,,,,33.2545685822867,High School
22,Wilson  High,2018-2019,478,1253.38244769874,2018,15576.8071,,,,,,,,,,,,,30.6866482284421,High School
22,Wilson  High,2019-2020,374,1238.79756684492,2019,15576.8071,,,,,,,,,,,,,24.0100553084464,High School
22,Wilson  High,2020-2021,270,2303.53455319149,2020,15576.8071,,,,,,,,,,,,,17.3334623884506,High School
22,Wilson  High,2021-2022,464,2978.81911447084,2021,15576.8071,,,,,,,,,,,,,29.7878761045966,High School
22,Wilson  High,2022-2023,510,3599.61188183807,2022,15576.8071,,,,,,,,,,,,,32.7409845115178,High School
22,Wilson  High,2023-2024,531,3060.83577092511,2023,15576.8071,,,,,,,,,,,,,34.0891426972862,High School
22,Wilson  High,2024-2025,477,2448.9978960396,2024,15576.8071,,,,,,,,,,,,,30.622450219596,High School
23,Carter  High,2017-2018,1050,1139.53291428571,2017,9739.9667,,,,,,,,,,,,,107.803243310883,High School
23,Carter  High,2018-2019,1355,1131.12790405904,2018,9739.9667,,,,,,,,,,,,,139.117518748806,High School
23,Carter  High,2019-2020,1468,1263.48508174387,2019,9739.9667,,,,,,,,,,,,,150.719201124168,High School
23,Carter  High,2020-2021,748,2608.02663280116,2020,9739.9667,,,,,,,,,,,,,76.7969771395625,High School
23,Carter  High,2021-2022,962,2961.9188308977,2021,9739.9667,,,,,,,,,,,,,98.7683048238758,High School
23,Carter  High,2022-2023,1145,4146.17553588071,2022,9739.9667,,,,,,,,,,,,,117.55687008663,High School
23,Carter  High,2023-2024,957,4272.83133481646,2023,9739.9667,,,,,,,,,,,,,98.254956046205,High School
23,Carter  High,2024-2025,961,3848.94978855721,2024,9739.9667,,,,,,,,,,,,,98.6656350683417,High School
24,North Dallas  High,2017-2018,2005,1567.36098254364,2017,55668.8853,,,,,,,,,,,,,36.0165286083068,High School
24,North Dallas  High,2018-2019,2270,1480.93614096916,2018,55668.8853,,,,,,,,,,,,,40.7768179256142,High School
24,North Dallas  High,2019-2020,2092,1302.5142543021,2019,55668.8853,,,,,,,,,,,,,37.5793405728568,High School
24,North Dallas  High,2020-2021,988,3339.75509302326,2020,55668.8853,,,,,,,,,,,,,17.7477956433951,High School
24,North Dallas  High,2021-2022,2342,3681.63636246787,2021,55668.8853,,,,,,,,,,,,,42.0701795514487,High School
24,North Dallas  High,2022-2023,2770,4423.97797448782,2022,55668.8853,,,,,,,,,,,,,49.7584958827979,High School
24,North Dallas  High,2023-2024,3401,3381.36150117018,2023,55668.8853,,,,,,,,,,,,,61.0933734647638,High School
24,North Dallas  High,2024-2025,2949,3127.92765889346,2024,55668.8853,,,,,,,,,,,,,52.9739365914697,High School
25,Skyline  High,2017-2018,1229,916.683506916192,2017,10093.2358,,,,,,,,,,,,,121.764716920613,High School
25,Skyline  High,2018-2019,1226,1011.09938825449,2018,10093.2358,,,,,,,,,,,,,121.467488156771,High School
25,Skyline  High,2019-2020,939,976.466240681576,2019,10093.2358,,,,,,,,,,,,,93.0326030825516,High School
25,Skyline  High,2020-2021,537,1823.15031847134,2020,10093.2358,,,,,,,,,,,,,53.2039487277212,High School
25,Skyline  High,2021-2022,867,2403.12494117647,2021,10093.2358,,,,,,,,,,,,,85.8991127503432,High School
25,Skyline  High,2022-2023,971,2762.3422337963,2022,10093.2358,,,,,,,,,,,,,96.2030432301998,High School
25,Skyline  High,2023-2024,888,3531.0211627907,2023,10093.2358,,,,,,,,,,,,,87.9797140972373,High School
25,Skyline  High,2024-2025,752,3084.75780366057,2024,10093.2358,,,,,,,,,,,,,74.5053434697325,High School
28,Conrad  High,2017-2018,766,928.655195822454,2017,11213.3016,,,,,,,,,,,,,68.3117272079795,High School
28,Conrad  High,2018-2019,771,860.251608300908,2018,11213.3016,,,,,,,,,,,,,68.7576262106425,High School
28,Conrad  High,2019-2020,595,904.094336134454,2019,11213.3016,,,,,,,,,,,,,53.0619813169031,High School
28,Conrad  High,2020-2021,361,1849.95417721519,2020,11213.3016,,,,,,,,,,,,,32.1939079922723,High School
28,Conrad  High,2021-2022,618,1989.8289448052,2021,11213.3016,,,,,,,,,,,,,55.1131167291532,High School
28,Conrad  High,2022-2023,539,2725.03858299595,2022,11213.3016,,,,,,,,,,,,,48.067912487077,High School
28,Conrad  High,2023-2024,512,2928.26752173913,2023,11213.3016,,,,,,,,,,,,,45.6600578726965,High School
28,Conrad  High,2024-2025,585,2301.5185625,2024,11213.3016,,,,,,,,,,,,,52.170183311577,High School
32,Madison  High,2017-2018,616,1391.34532467532,2017,6454.5183,,,,,,,,,,,,,95.4370212258907,High School
32,Madison  High,2018-2019,563,1344.97047957371,2018,6454.5183,,,,,,,,,,,,,87.2257190749618,High School
32,Madison  High,2019-2020,386,1517.16857512953,2019,6454.5183,,,,,,,,,,,,,59.8030684954445,High School
32,Madison  High,2020-2021,257,1792.43646017699,2020,6454.5183,,,,,,,,,,,,,39.8170689205421,High School
32,Madison  High,2021-2022,464,2514.38982608696,2021,6454.5183,,,,,,,,,,,,,71.8876263779437,High School
32,Madison  High,2022-2023,492,3434.82515081206,2022,6454.5183,,,,,,,,,,,,,76.2256727973023,High School
32,Madison  High,2023-2024,481,3892.15216666667,2023,6454.5183,,,,,,,,,,,,,74.5214402754114,High School
32,Madison  High,2024-2025,515,2804.78412060302,2024,6454.5183,,,,,,,,,,,,,79.7890680703469,High School
380,Wilmer-Hutchins  High,2017-2018,362,1155.87372928177,2017,3484.4406,,,,,,,,,,,,,103.890420746446,High School
380,Wilmer-Hutchins  High,2018-2019,499,1258.34745490982,2018,3484.4406,,,,,,,,,,,,,143.208066167063,High School
380,Wilmer-Hutchins  High,2019-2020,494,1400.63769230769,2019,3484.4406,,,,,,,,,,,,,141.773115604267,High School
380,Wilmer-Hutchins  High,2020-2021,210,1972.33734375,2020,3484.4406,,,,,,,,,,,,,60.2679236374413,High School
380,Wilmer-Hutchins  High,2021-2022,512,1773.81475345168,2021,3484.4406,,,,,,,,,,,,,146.938937630333,High School
380,Wilmer-Hutchins  High,2022-2023,494,2607.96359649123,2022,3484.4406,,,,,,,,,,,,,141.773115604267,High School
380,Wilmer-Hutchins  High,2023-2024,415,3007.69542780749,2023,3484.4406,,,,,,,,,,,,,119.100896712086,High School
380,Wilmer-Hutchins  High,2024-2025,529,3076.90265402844,2024,3484.4406,,,,,,,,,,,,,151.81776954384,High School
,Dallas ISD,2017-2018,14956,,2017,249410.6969,,,,,,,,,,,,,59.9653510691105,Dallas ISD
,Dallas ISD,2018-2019,16414,,2018,249410.6969,,,,,,,,,,,,,65.8111308136119,Dallas ISD
,Dallas ISD,2019-2020,13768,,2019,249410.6969,,,,,,,,,,,,,55.2021231291464,Dallas ISD
,Dallas ISD,2020-2021,7463,,2020,249410.6969,,,,,,,,,,,,,29.9225337676365,Dallas ISD
,Dallas ISD,2021-2022,13550,,2021,249410.6969,,,,,,,,,,,,,54.3280627832607,Dallas ISD
,Dallas ISD,2022-2023,14461,,2022,249244.8852,,,,,,,,,,,,,58.0192447616173,Dallas ISD
,Dallas ISD,2023-2024,15284,,2023,249410.6969,,,,,,,,,,,,,61.2804510390669,Dallas ISD
,Dallas ISD,2024-2025,14513,,2024,249170.7943,,,,,,,,,,,,,58.2451889707686,Dallas ISD
